,Operating_Cash_Flow_(ttm),Gross_Profit_(ttm),Enterprise_Value,Revenue_(ttm),EBITDA,Market_Cap_(intraday),Float_8,Operating_Margin_(ttm),Return_on_Assets_(ttm),Profit_Margin,Quarterly_Revenue_Growth_(yoy),Price/Book_(mrq),Revenue_Per_Share_(ttm),Enterprise_Value/Revenue,PEG_Ratio_(5_yr_expected),Current_Ratio_(mrq),50-Day_Moving_Average_3,Diluted_EPS_(ttm),Enterprise_Value/EBITDA,Total_Cash_Per_Share_(mrq),Beta_(5Y_Monthly),Forward_Annual_Dividend_Rate_4,Book_Value_Per_Share_(mrq),Price/Sales_(ttm),Forward_P/E,200-Day_Moving_Average_3
APA,4.39,7.64,18.21,10.22,6.14,12.42,0.28989,0.4621,0.2299,0.19890000000000002,-0.272,27.97,31.62,1.75,,1.11,35.31,6.37,3.12,0.5,3.52,1.0,1.44,1.25,7.36,39.67
BKR,2.82,4.43,39.95,23.3,3.34,36.12,0.9630299999999999,0.09820000000000001,0.0409,0.049400000000000006,0.251,2.39,23.14,1.71,,1.28,31.8,1.15,12.61,3.81,1.51,0.8,14.99,1.55,22.37,29.86
COP,28.65,39.6,150.01,77.7,32.63,142.04,1.21,0.3207,0.1686,0.2039,-0.158,2.97,61.98,1.99,0.72,1.39,106.04,12.56,4.47,7.11,1.32,2.4,39.49,1.95,12.64,110.97
CTRA,5.63,7.64,22.51,9.09,6.97,20.91,0.70317,0.5866,0.16460000000000002,0.455,-0.21300000000000002,1.65,11.58,2.46,,1.66,25.31,5.22,3.21,1.28,0.28,2.1,16.7,2.38,12.59,25.62
CVX,41.3,98.89,310.82,214.19,51.04,303.41,1.76,0.1681,,0.1408,-0.271,1.92,112.74,1.45,,,156.51,18.52,6.01,8.34,1.16,6.04,84.18,1.45,12.18,166.87
DVN,7.1,11.33,40.24,15.96,8.85,34.45,0.63671,0.3985,0.17079999999999998,0.2995,-0.397,3.14,24.71,2.1,1.81,0.98,49.6,9.17,3.85,0.58,2.34,4.51,17.19,1.82,8.84,57.16
EOG,13.52,20.13,76.21,28.43,15.7,77.06,0.58262,0.41869999999999996,0.1881,0.33030000000000004,-0.174,3.03,48.72,2.69,2.61,2.17,116.64,16.0,4.87,8.58,1.55,3.3,43.51,2.73,11.44,122.79
EQT,4.31,9.72,18.53,8.85,6.62,15.07,0.35897,0.5655,0.14250000000000002,0.401,-0.75,1.26,24.25,2.07,0.69,1.11,39.07,9.0,2.88,3.36,1.21,0.6,33.2,1.94,17.24,36.01
FANG,6.3,8.17,33.03,7.74,6.3,26.5,0.17832,0.6152000000000001,0.11660000000000001,0.44689999999999996,-0.27,1.7,43.34,4.03,,0.43,134.02,24.14,5.27,0.1,2.03,6.88,86.79,3.22,8.14,139.79
HAL,3.09,3.24,42.26,22.41,5.06,35.29,0.89465,0.1832,0.1103,0.10980000000000001,0.14300000000000002,4.06,24.79,1.89,1.26,2.14,33.95,2.71,9.44,2.34,2.18,0.64,9.68,1.59,12.94,35.18
HES,4.2,7.89,53.59,10.68,5.14,46.55,0.28399,0.295,0.0907,0.1383,-0.223,5.63,34.85,4.98,9.88,1.54,136.73,6.56,10.33,7.24,1.6,1.75,26.9,4.36,29.15,138.73
KMI,5.2,7.29,70.02,17.14,6.41,39.13,1.94,0.247,0.0382,0.14650000000000002,-0.32,1.28,7.63,4.08,3.21,0.49,17.04,1.11,10.84,0.23,0.93,1.13,13.72,2.3,15.06,17.58
MPC,14.94,26.57,74.34,157.52,20.36,57.25,0.39903,0.10880000000000001,0.1169,0.0809,-0.321,2.13,348.1,0.43,15.65,1.84,116.85,32.58,2.72,28.65,1.63,3.0,63.49,0.38,7.74,119.57
MRO,3.55,6.15,21.84,6.72,4.54,16.17,0.6133500000000001,0.3793,,0.3045,-0.306,1.42,10.55,2.97,,,23.82,4.14,3.94,,,0.4,18.0,2.36,10.38,25.87
OKE,3.66,4.48,42.44,21.46,4.18,29.82,0.44422000000000006,0.16519999999999999,0.09150000000000001,0.1109,-0.17,4.18,47.93,1.98,1.8,1.18,61.69,5.31,9.6,1.52,1.63,3.82,15.94,1.39,12.52,63.8
OXY,14.18,24.57,84.49,31.6,16.37,55.86,0.8819,0.2969,0.0806,0.2151,-0.37,2.73,34.79,2.38,,1.04,59.47,8.75,4.09,0.55,,0.72,23.16,1.76,14.88,62.98
PSX,10.05,20.06,62.96,154.72,11.65,51.44,0.44383,0.063,,0.0707,-0.278,1.7,330.48,0.37,,,98.92,26.18,3.33,15.65,1.37,4.2,65.92,0.32,8.47,101.16
PXD,9.58,13.26,57.5,20.39,10.11,52.52,0.23145,0.3649,0.1278,0.284,-0.349,2.4,86.39,2.52,0.78,0.73,208.98,28.27,4.92,0.98,1.45,23.2,94.36,2.45,11.06,220.96
SLB,5.12,5.16,92.02,31.19,6.73,81.87,1.42,0.16030000000000003,0.0713,0.12630000000000002,0.14300000000000002,4.4,21.93,2.95,1.25,1.33,50.75,2.73,12.87,2.25,1.82,1.0,13.09,2.66,18.87,51.19
TRGP,2.8,4.05,30.44,20.49,3.49,18.45,0.22257,0.11080000000000001,0.0827,0.07830000000000001,-0.08800000000000001,7.23,90.36,1.49,1.87,0.66,74.8,3.85,7.88,0.94,2.27,2.0,11.28,0.92,12.53,73.13
VLO,10.82,19.22,51.72,151.76,17.6,45.47,0.35126,0.09910000000000001,0.1503,0.0721,-0.344,1.76,406.32,0.33,,1.59,115.73,35.12,2.89,14.37,1.65,4.04,73.21,0.31,6.18,125.23
WMB,5.6,6.08,65.51,11.2,6.16,41.54,1.21,0.3688,0.0535,0.2371,-0.172,3.54,9.19,5.69,2.24,0.49,31.78,2.12,10.16,0.45,,1.79,9.57,3.62,19.96,31.48
XOM,67.77,133.72,438.77,367.98,83.74,426.8,4.0,0.1795,0.113,0.1406,-0.272,2.14,89.25,1.21,1.69,1.48,104.99,14.77,4.73,7.38,1.08,3.64,49.72,1.22,11.78,108.93
AEE,2.5,3.34,37.75,7.88,3.06,22.23,0.26121,0.2207,0.0286,0.1416,0.061,2.1,30.23,4.64,2.71,0.62,83.48,4.17,11.65,0.03,,2.52,40.74,2.71,19.42,85.37
AEP,4.18,8.41,87.44,19.47,6.81,43.29,0.51452,0.1916,0.024900000000000002,0.102,-0.057999999999999996,1.81,37.87,4.49,2.58,0.61,84.76,3.85,13.09,0.99,0.45,3.32,46.4,2.23,15.87,90.01
AES,2.88,2.55,37.47,13.0,3.46,14.06,0.66642,0.1852,0.04070000000000001,-0.0392,0.136,9.23,19.46,2.88,1.63,1.13,20.96,-0.77,18.04,3.38,0.94,0.66,2.28,1.08,12.32,24.45
ATO,3.27,1.81,23.95,4.41,1.61,17.49,0.13842,0.2328,0.029500000000000002,0.1902,-0.188,1.71,30.8,5.25,2.48,0.86,118.0,5.76,14.68,0.38,,2.96,71.98,3.76,18.73,114.45
AWK,1.63,2.2,39.58,4.05,2.16,28.12,0.19424000000000002,0.3661,0.033,0.2208,0.171,2.9,21.76,9.78,3.92,1.13,145.09,4.55,17.66,4.43,0.56,2.83,49.83,6.64,30.21,147.03
CMS,1.5,2.76,32.59,8.14,2.3,17.63,0.29017000000000004,0.1575,0.026099999999999998,0.0906,-0.19,2.55,28.05,4.0,2.59,0.95,59.9,2.33,12.82,1.33,0.36,1.95,23.73,2.16,19.38,60.52
CNP,3.31,3.57,35.64,9.27,2.75,18.61,0.6293500000000001,0.1759,0.027400000000000004,0.084,-0.035,1.94,14.71,3.85,2.53,0.88,29.37,1.26,12.09,1.18,0.88,0.76,15.17,2.01,19.76,29.45
D,4.67,7.92,91.77,18.15,8.41,43.72,0.8346100000000001,0.29059999999999997,0.032,0.0705,0.227,1.65,21.86,5.06,3.38,0.75,52.26,1.44,11.66,2.27,0.46,2.67,31.79,2.39,13.48,57.59
DTE,2.6,3.67,43.17,16.19,3.17,23.33,0.20462,0.1261,0.030299999999999997,0.0802,-0.455,2.23,80.35,2.67,2.99,0.89,111.32,5.65,11.65,0.15,0.6,3.81,50.83,1.41,18.05,112.42
DUK,5.62,13.08,149.55,28.58,12.4,71.02,0.7693200000000001,0.2343,0.0239,0.0874,0.038,1.5,37.12,5.15,2.73,0.77,91.3,4.88,11.72,0.71,0.43,4.04,61.35,2.44,16.39,96.2
ED,3.55,7.68,53.86,16.01,5.19,32.35,0.34608,0.19760000000000003,0.031200000000000002,0.15560000000000002,0.084,1.55,45.21,3.36,2.99,1.2,93.13,7.01,8.88,2.22,0.36,3.24,60.24,2.07,19.12,93.9
EIX,2.69,9.41,63.72,17.17,5.81,27.23,0.38275000000000003,0.1961,0.027200000000000002,0.055400000000000005,-0.011000000000000001,1.97,44.96,3.71,2.43,0.84,69.15,2.19,11.99,0.51,0.82,2.95,36.05,1.59,15.08,67.24
ES,,5.41,48.31,12.67,3.85,24.54,0.34808999999999996,0.20600000000000002,,0.0928,0.022000000000000002,1.56,36.34,3.81,2.56,,71.23,4.17,14.03,0.1,0.48,2.7,45.15,1.94,16.16,77.07
ETR,3.6,5.28,47.01,13.32,4.65,21.39,0.21045,0.2011,0.0285,0.1028,-0.162,1.64,63.85,3.39,1.77,0.8,99.92,5.48,11.42,5.65,,4.28,62.6,1.51,15.06,106.04
EVRG,1.9,2.63,25.99,5.93,2.29,13.67,0.22865000000000002,0.2147,0.027200000000000002,0.1303,0.06,1.44,25.8,4.38,3.11,0.52,59.1,3.39,11.4,0.12,0.5,2.45,41.31,2.31,16.31,60.46
EXC,3.39,8.11,82.51,19.89,6.36,41.24,0.9929600000000001,0.18480000000000002,0.024100000000000003,0.1066,0.13699999999999998,1.65,20.0,4.27,2.61,0.95,40.89,2.26,11.15,0.4,,1.44,25.22,2.13,17.57,41.08
FE,1.19,8.23,44.88,12.7,3.51,22.33,0.51393,0.15109999999999998,0.026000000000000002,0.0361,0.067,2.18,22.2,3.53,2.55,0.6,38.77,0.71,12.29,0.3,0.45,1.56,18.33,1.76,15.29,39.66
LNT,0.423,1.71,22.29,4.21,1.55,13.4,0.25087000000000004,0.2076,0.027999999999999997,0.1559,0.008,2.12,16.78,5.29,2.91,0.62,53.09,2.61,13.23,0.62,0.54,1.81,25.17,3.18,18.38,53.55
NEE,8.23,10.14,216.65,26.95,14.43,146.05,2.02,0.344,0.0362,0.3005,0.418,3.26,13.5,8.04,2.73,0.53,73.76,4.05,13.65,0.78,0.46,1.87,22.13,5.36,23.2,77.33
NI,1.69,2.26,24.37,5.85,2.05,11.35,0.41164999999999996,0.2137,0.03,0.12,-0.079,1.85,14.25,4.1,2.42,0.45,27.41,1.47,11.75,0.37,,1.0,14.71,2.05,17.51,27.28
NRG,-2.91,4.1,21.54,31.37,-1.01,8.71,0.22776,-0.0601,-0.0398,-0.059000000000000004,-0.022000000000000002,3.58,134.63,0.69,1.58,0.99,35.87,-7.82,-20.94,1.81,1.02,1.51,10.57,0.28,7.69,35.6
PCG,4.54,7.01,98.3,22.26,6.95,43.4,2.03,0.1318,0.015700000000000002,0.0873,0.034,1.83,11.15,4.42,1.52,0.96,17.25,0.89,14.42,0.38,1.13,,11.52,1.66,14.35,16.22
PEG,3.56,2.6,50.71,11.59,5.2,31.53,0.49819,0.33740000000000003,0.0493,0.2399,0.166,2.14,23.31,4.51,3.79,0.67,62.42,4.64,10.96,1.1,0.6,2.28,30.29,2.82,18.32,60.87
PNW,1.11,1.71,19.09,4.49,1.64,9.32,0.11288,0.1812,0.0222,0.1033,0.20600000000000002,1.54,39.61,4.26,3.82,1.01,81.4,4.08,11.6,0.06,0.46,3.46,53.41,2.08,20.28,76.94
PPL,1.66,2.89,34.27,8.54,2.76,20.14,0.7363200000000001,0.17250000000000001,0.025400000000000002,0.09,0.355,1.44,11.59,4.02,1.5,1.23,26.78,0.98,12.3,0.62,0.8,0.96,19.04,2.36,17.18,27.83
SO,5.55,10.82,137.22,29.11,10.34,77.72,1.09,0.2072,0.0286,0.1152,-0.025,2.55,26.91,4.71,3.8,0.69,70.86,3.08,13.19,0.97,0.5,2.76,28.0,2.66,19.8,69.06
SRE,1.52,4.58,76.17,17.18,5.19,46.33,0.31441,0.1819,0.025099999999999997,0.1452,0.7170000000000001,1.73,54.57,4.43,2.88,0.54,146.83,7.76,14.51,1.73,0.74,4.76,85.01,2.71,16.5,152.44
WEC,2.05,3.31,46.16,9.28,3.17,28.27,0.31481000000000003,0.2138,0.03,0.1457,-0.14,2.43,29.42,4.82,3.05,0.6,89.46,4.27,13.82,0.17,0.4,3.07,37.03,2.96,19.49,92.46
XEL,4.4,5.77,61.19,15.24,5.0,34.66,0.55075,0.1618,0.0255,0.11380000000000001,-0.11699999999999999,2.05,27.7,4.02,3.22,0.8,63.58,3.23,12.01,0.61,0.42,2.08,30.68,2.27,18.73,66.8
AMT,,7.45,134.31,,,89.15,,,,,,17.26,,12.3,2.55,,189.96,,24.43,,,,,8.18,43.29,203.26
ARE,1.55,1.81,31.77,2.75,1.64,21.12,0.17113,0.2462,0.0121,0.2065,0.109,1.12,16.42,11.65,,3.44,117.89,3.39,17.04,5.34,0.95,4.96,108.64,7.48,35.71,135.07
AVB,,1.69,34.65,,,26.68,,,,,,2.39,,13.05,3.36,,187.2,,16.62,,,,,9.91,40.32,174.99
BXP,,1.95,24.39,3.16,1.82,10.15,0.15646000000000002,0.32049999999999995,0.026099999999999998,0.2102,0.044000000000000004,1.67,20.18,7.73,4.12,4.49,57.03,4.99,11.07,10.08,1.16,3.92,38.51,3.22,23.2,62.26
CBRE,0.81255,6.62,29.84,30.86,1.71,25.72,0.30013,0.0349,0.032,0.027400000000000004,-0.006999999999999999,3.18,98.33,0.97,2.08,1.16,80.8,3.53,19.33,4.17,1.36,,26.68,0.86,19.34,78.01
CCI,3.27,4.92,75.18,7.15,4.23,46.94,0.43167,0.3558,0.04070000000000001,0.23870000000000002,0.077,6.66,16.51,10.51,3.87,0.5,112.78,3.93,17.78,0.64,0.64,6.26,16.24,6.57,29.33,128.49
CPT,0.76214,0.90581,15.3,1.51,0.87136,11.57,0.10555,0.1816,0.0193,0.4079,0.23500000000000001,2.35,13.9,10.27,,0.04,109.46,5.67,11.31,0.19,0.8,4.0,45.32,7.93,61.73,111.72
CSGP,0.5649,1.77,29.84,2.32,0.48931,33.94,0.40376,0.1568,0.0282,0.1656,0.13,4.78,5.77,12.86,3.6,12.3,85.0,0.87,60.98,12.75,0.9,,17.4,14.46,75.76,77.77
DLR,,2.66,56.68,5.11,2.32,36.92,0.29878,0.1308,0.010700000000000001,0.0837,0.24100000000000002,2.19,17.58,11.05,4.11,0.94,110.06,1.1,22.5,0.42,0.57,4.88,56.44,7.4,149.25,104.3
EQIX,3.01,2.97,89.67,7.19,2.6,75.3,0.09321,0.1131,0.0168,0.11220000000000001,0.278,6.26,77.51,11.91,4.16,2.02,771.76,8.78,28.98,25.04,,13.64,128.55,9.88,85.47,703.06
EQR,,1.75,32.68,,,24.92,,,,,,2.27,,11.6,3.16,,65.25,,16.28,,,,,9.11,44.44,62.6
ESS,0.95443,1.12,21.51,1.69,1.11,15.66,0.0637,0.33270000000000005,0.028300000000000002,0.3143,0.094,2.8,26.16,13.01,3.38,0.75,231.95,7.52,16.46,1.09,0.78,9.24,87.02,9.54,44.64,221.0
EXR,1.23,1.52,36.57,2.03,1.4,29.05,0.13356,0.547,0.061,0.42119999999999996,0.134,8.93,15.11,18.44,6.4,4.44,146.46,6.35,24.54,0.65,0.56,4.04,24.1,9.85,22.83,154.23
FRT,0.54852,0.73058,12.85,1.11,0.6871,8.25,0.08062000000000001,0.34520000000000006,0.0298,0.34850000000000003,0.052000000000000005,2.98,13.73,11.78,4.91,1.06,95.87,4.73,15.07,1.2,,4.32,33.62,7.53,38.91,100.39
HST,1.46,1.53,17.29,5.22,1.55,13.08,0.7027300000000001,0.1706,0.0463,0.154,0.29,1.91,7.31,3.32,1.42,3.25,17.28,1.12,10.28,0.79,1.31,0.6,9.64,2.53,21.01,17.17
INVH,1.07,1.35,28.99,2.33,1.33,21.64,0.60997,0.2887,0.0227,0.1881,0.079,2.11,3.81,12.4,5.99,4.19,34.53,0.68,20.64,0.89,0.9,1.04,16.75,9.26,50.51,32.44
IRM,1.0,2.91,31.35,5.17,1.75,18.02,0.28888,0.20800000000000002,0.04190000000000001,0.11199999999999999,0.053,33.03,17.76,6.06,,0.8,57.53,1.98,16.28,0.5,0.95,2.47,1.87,3.5,61.73,53.69
KIM,,1.2,18.9,,,12.5,,,,,,1.3,,10.75,6.04,,19.58,,16.11,,,,,7.1,34.97,20.23
MAA,1.15,1.23,21.52,2.11,1.24,17.27,0.11583,0.3249,0.0378,0.2828,0.081,2.79,18.23,10.18,,0.2,151.4,5.12,16.32,1.29,0.75,5.6,52.81,8.13,32.05,154.85
O,,3.11,60.12,,,40.92,,,,,,1.4,,17.27,7.52,,60.57,,19.06,,,,,10.98,45.25,62.67
PEAK,0.9223300000000001,1.19,18.53,2.12,1.06,11.87,0.5452100000000001,0.1677,0.0143,0.2511,0.053,1.82,3.9,8.76,,1.31,20.73,1.01,12.59,0.25,0.88,1.2,11.95,5.57,67.57,23.11
PLD,,4.78,142.39,,,114.73,,,,,,2.15,,18.44,0.65,,123.45,,22.58,,,,,14.55,53.19,120.26
PSA,3.24,3.19,59.67,4.45,3.24,49.11,0.15759,0.5273,0.0828,0.9615000000000001,0.061,8.62,25.37,13.87,6.42,1.28,288.57,23.53,11.05,3.71,,12.0,32.57,11.44,25.19,292.34
REG,0.67502,0.92515,15.13,1.28,0.82155,11.24,0.16904,0.4033,0.029900000000000003,0.29960000000000003,0.043,1.86,7.5,12.22,5.48,0.9,61.27,2.24,17.58,0.41,1.18,2.6,35.53,9.12,32.15,61.86
SBAC,1.42,1.94,39.43,2.72,1.75,24.72,0.107,0.3786,0.06230000000000001,0.18710000000000002,0.040999999999999995,,25.12,14.52,2.32,0.7,228.61,3.39,23.14,1.65,0.51,3.4,-46.99,9.17,44.64,260.59
SPG,3.8,4.29,65.97,5.35,3.88,41.02,0.32395,0.49119999999999997,0.0492,0.40490000000000004,0.042,13.85,16.33,12.34,15.89,0.47,114.69,6.61,14.28,3.53,1.55,7.4,9.06,7.68,22.42,115.01
UDR,0.8319700000000001,1.01,19.0,1.63,0.99281,13.34,0.32755,0.1898,0.0175,0.2748,0.157,3.27,4.97,11.91,,0.38,41.91,1.35,14.21,0.05,0.75,1.68,12.37,8.36,83.33,40.89
VICI,2.04,2.62,48.78,3.34,2.91,32.06,1.01,0.8702,0.045700000000000005,0.6414,0.325,1.35,3.4,14.79,,64.56,31.65,1.44,16.62,0.73,0.95,1.56,23.54,9.46,12.45,32.44
VTR,1.09,1.81,31.82,4.17,1.62,19.43,0.39835000000000004,0.1384,0.0148,-0.016399999999999998,0.055999999999999994,1.94,10.44,7.6,,0.42,46.62,-0.15,19.74,0.36,1.23,1.8,25.01,4.68,,45.89
WELL,1.4,2.3,57.13,6.18,2.35,42.99,0.51822,0.1518,0.015300000000000001,0.0191,0.16899999999999998,2.03,12.75,9.19,2.68,2.87,79.52,0.26,26.48,4.25,1.06,2.44,41.73,6.63,112.36,72.84
WY,,3.62,28.88,,,24.82,,,,,,2.45,,3.62,,,31.8,,18.74,,,,,3.13,35.34,31.28
ADM,5.05,7.57,53.96,99.88,5.16,45.56,0.53252,0.041299999999999996,0.043899999999999995,0.0415,-0.077,1.83,180.62,0.54,,1.63,76.87,7.5,8.22,2.66,0.82,1.8,46.53,0.47,12.12,82.96
BF-B,0.64,,36.72,4.23,1.31,34.18,0.35328,0.2916,0.10890000000000001,0.1852,0.05,10.39,8.82,8.68,3.37,3.51,65.97,1.63,30.93,0.78,0.7,0.82,6.83,8.05,34.6,65.87
BG,-0.62,3.92,19.8,63.8,3.37,16.33,0.15066,0.0464,0.0697,0.0309,-0.161,1.64,431.89,0.3,1.71,2.08,97.85,10.18,6.79,8.75,0.67,2.65,74.72,0.25,9.62,96.67
CAG,0.9954,,24.87,12.28,2.25,15.54,0.47422000000000003,0.1535,0.053,0.055700000000000006,0.022000000000000002,1.78,25.64,2.03,1.42,0.76,33.84,1.42,16.88,0.2,0.53,1.4,18.32,1.28,11.85,36.22
CHD,1.08,2.25,25.72,5.64,1.25,23.71,0.24541,0.18660000000000002,0.0776,0.0793,0.09699999999999999,6.06,23.12,4.56,3.98,1.4,96.42,1.67,29.17,1.61,0.47,1.09,15.9,4.22,31.06,86.77
CL,3.1,10.25,71.53,18.68,3.95,63.36,0.77706,0.18239999999999998,0.1333,0.0802,0.075,156.16,22.44,3.83,2.78,1.17,76.4,1.91,20.39,1.31,0.48,1.92,-0.08,3.42,24.51,75.93
CLX,,,21.54,7.39,1.08,18.76,0.12355,0.11539999999999999,,0.0202,0.121,6.25,59.79,3.0,1.6,,156.56,0.61,46.12,2.96,,4.8,1.78,2.61,28.09,152.43
COST,9.85,27.57,241.45,235.44,10.21,246.16,0.44199,0.0349,0.0787,0.0255,0.02,10.44,530.44,1.03,4.01,1.08,530.75,13.48,23.71,30.93,0.79,4.08,53.17,1.05,36.23,501.93
CPB,0.998,2.63,18.1,9.28,1.65,13.56,0.18878999999999999,0.1376,0.0667,0.08460000000000001,0.046,3.78,31.05,1.95,1.74,0.92,47.1,2.62,11.44,0.75,0.31,1.48,12.03,1.47,14.6,51.85
DG,1.73,11.82,54.62,38.44,4.08,36.95,0.2179,0.08650000000000001,0.0732,0.061900000000000004,0.068,6.22,172.49,1.42,1.75,1.32,171.1,10.6,13.4,1.43,0.28,2.36,27.06,0.98,16.75,216.33
DLTR,1.83,8.94,43.0,28.75,2.77,33.73,0.20831,0.0694,0.05480000000000001,0.0479,0.061,3.79,129.43,1.5,2.35,1.51,144.08,6.18,15.93,3.96,0.69,,40.33,1.19,25.06,147.52
EL,2.09,13.43,66.49,15.86,2.68,62.56,0.23043000000000002,0.1229,0.0553,0.0688,-0.11599999999999999,10.64,44.33,4.19,3.31,1.46,188.44,3.05,27.47,15.48,1.02,2.64,16.44,3.99,33.0,225.44
GIS,2.78,6.55,54.86,20.09,3.69,43.5,0.58304,0.15660000000000002,0.0629,0.1291,0.027999999999999997,4.16,33.78,2.73,2.22,0.69,79.21,4.31,13.44,1.2,0.21,2.36,17.81,2.22,16.34,81.74
HRL,0.96962,2.16,24.88,12.27,1.47,22.17,0.28769,0.0976,0.056600000000000004,0.0761,-0.038,2.88,22.45,2.03,2.95,2.42,40.1,1.7,16.0,1.1,0.19,1.1,14.07,1.82,22.57,42.84
HSY,2.26,4.5,51.98,10.86,2.81,47.15,0.14737,0.2225,0.1365,0.1649,0.05,12.76,52.96,4.79,3.97,1.06,250.4,8.25,20.14,2.18,0.28,4.77,18.07,4.35,24.33,243.17
K,1.6,4.62,29.73,15.7,1.94,22.69,0.33822,0.0936,0.0493,0.0533,0.10400000000000001,5.6,45.88,1.89,2.55,0.72,66.98,2.42,16.84,1.04,0.41,2.4,11.82,1.45,16.23,68.88
KDP,1.95,7.33,61.58,14.57,3.74,47.69,0.95248,0.2078,0.0366,0.11,0.066,1.89,10.34,4.23,3.46,0.39,31.85,0.93,19.41,0.2,0.57,0.8,18.09,3.33,19.16,34.75
KHC,3.26,8.23,63.31,27.1,6.28,44.03,0.8013300000000001,0.198,0.0367,0.1165,0.025,0.9,22.08,2.35,1.6,0.95,36.57,1.96,12.96,0.77,0.67,1.6,40.56,1.63,12.38,38.57
KMB,3.19,6.22,51.18,20.35,3.65,43.63,0.33744,0.1427,0.10220000000000001,0.08070000000000001,0.013999999999999999,87.25,60.26,2.52,2.52,0.87,135.36,4.85,17.38,1.72,0.41,4.72,1.48,2.15,21.32,133.11
KO,11.1,25.0,293.05,44.14,13.8,267.11,3.89,0.28600000000000003,0.08230000000000001,0.23809999999999998,0.057,10.27,10.21,6.64,3.36,1.14,60.97,2.27,19.15,3.63,0.54,1.84,6.02,6.08,23.75,61.32
KR,6.26,32.81,51.51,148.82,7.68,34.84,0.71162,0.0309,0.0579,0.0171,0.013000000000000001,3.19,207.64,0.35,1.7,0.77,47.1,3.48,6.87,3.67,0.48,1.16,15.19,0.24,10.76,46.66
LW,0.7617,,18.21,5.35,1.09,15.03,0.14467,0.16210000000000002,0.1017,0.1886,0.47000000000000003,10.65,37.03,3.4,0.91,1.56,111.49,6.95,16.49,2.09,0.52,1.12,4.97,2.8,21.64,100.42
MDLZ,3.91,11.36,121.38,34.13,6.79,101.15,1.36,0.16519999999999999,0.051100000000000007,0.1213,0.17,3.53,24.95,3.56,2.35,0.65,73.4,2.87,18.69,1.61,0.64,1.7,21.05,2.99,23.26,68.85
MKC,0.8913,2.27,28.36,6.52,1.17,23.62,0.26425,0.1517,0.0478,0.10740000000000001,0.08,4.79,24.29,4.35,3.18,0.85,88.65,2.59,23.08,0.47,0.58,1.56,18.4,3.65,29.59,82.67
MNST,1.31,3.17,57.35,6.49,1.73,60.41,0.75305,0.25730000000000003,0.1226,0.1995,0.11900000000000001,8.17,6.18,8.83,1.92,4.46,57.76,1.23,33.08,2.92,0.83,,7.07,9.45,38.31,53.04
MO,8.8,14.18,102.12,20.58,12.24,80.65,1.77,0.5834,0.2031,0.33130000000000004,0.042,,11.5,4.95,6.31,0.37,45.02,3.11,12.02,0.49,0.62,3.76,-2.15,3.93,9.03,45.61
NWL,0.455,2.86,10.11,8.55,0.752,4.47,0.41219,0.052000000000000005,0.0202,-0.0367,-0.13,1.35,20.66,1.18,,1.25,9.14,-0.32,83.55,0.76,0.98,0.28,8.0,0.52,12.24,12.2
PEP,10.95,46.05,294.34,90.14,15.39,257.17,1.37,0.14070000000000002,0.0839,0.0877,0.10400000000000001,14.54,65.43,3.27,3.19,0.84,185.44,5.72,21.09,4.69,0.54,4.83,12.84,2.87,25.38,181.37
PG,15.22,38.21,395.44,80.97,21.24,369.08,2.35,0.2286,0.09640000000000001,0.17690000000000003,0.053,7.84,34.06,4.82,4.33,0.59,149.2,5.76,18.12,3.5,0.41,3.76,18.8,4.73,24.51,146.22
PM,8.65,20.53,196.92,33.17,13.55,152.52,1.55,0.3704,0.1494,0.2426,0.145,,21.39,5.94,2.48,0.85,95.66,5.17,14.86,2.25,0.72,5.08,-6.25,4.6,15.67,97.21
SJM,1.19,,18.56,8.53,1.61,15.28,0.09869,0.1384,0.0475,-0.010700000000000001,0.099,2.1,80.31,2.18,4.39,1.44,149.58,-0.85,32.35,11.21,0.22,4.24,69.84,1.86,16.42,151.45
STZ,2.66,,61.66,9.6,3.27,49.5,0.16659000000000002,0.2989,0.0709,-0.0338,0.064,5.77,50.22,6.42,2.54,1.14,250.95,-1.47,67.46,1.05,1.04,3.56,46.85,5.38,22.78,235.41
SYY,2.87,,49.54,76.32,3.81,38.59,0.50407,0.039700000000000006,0.0844,0.0232,0.040999999999999995,24.5,150.43,0.66,1.26,1.24,73.32,3.02,14.68,1.48,1.11,2.0,3.98,0.52,17.06,77.07
TAP,1.73,3.66,20.66,11.18,1.96,14.4,0.19313999999999998,0.1142,0.029500000000000002,0.0037,0.11800000000000001,1.13,51.6,1.91,4.04,0.87,66.14,-1.2,26.68,4.44,0.88,1.64,60.27,1.33,14.56,56.68
TGT,6.68,26.89,78.89,109.27,6.64,61.38,0.46017,0.0362,0.048,0.024900000000000002,0.006,5.29,236.87,0.72,0.76,0.88,133.74,5.86,12.0,2.86,1.01,4.34,25.14,0.56,16.0,154.09
TSN,2.23,6.62,28.06,53.62,3.54,19.67,0.27870999999999996,0.0435,0.0401,0.0281,0.001,1.01,150.21,0.52,10.24,1.66,51.77,4.18,7.96,1.55,0.78,1.92,54.55,0.37,14.86,59.31
WMT,37.23,147.57,481.75,622.02,36.56,428.46,1.43,0.0409,0.06480000000000001,0.0182,0.076,5.92,229.61,0.77,3.56,0.82,154.25,4.16,15.93,3.93,0.5,2.28,26.88,0.7,25.64,147.29
ALB,,3.08,26.05,,,24.4,,,,,,2.65,,2.97,0.54,,220.28,,6.98,,,,,2.79,10.81,236.21
APD,,3.36,74.43,,,67.17,,,,,,4.78,,5.67,1.76,,289.42,,17.71,,,,,5.13,24.04,289.64
CE,,2.38,27.72,,,13.64,,,,,,2.41,,2.78,5.26,,115.91,,13.67,,,,,1.37,11.42,109.8
CF,,5.86,16.27,,,15.84,,,,,,2.91,,1.58,,,71.41,,2.99,,,,,1.58,9.89,82.67
DD,,4.62,38.59,,,35.36,,,,,,1.32,,3.02,2.07,,71.3,,12.42,,,,,2.93,21.23,69.58
ECL,,5.43,61.37,,,52.72,,,,,,7.18,,4.23,2.47,,180.5,,23.34,,,,,3.65,37.04,161.85
EMN,,2.18,15.19,,,10.17,,,,,,1.93,,1.55,1.41,,83.46,,10.31,,,,,1.05,12.87,83.38
FCX,,9.71,65.52,,,62.71,,,,,,3.87,,2.99,,,39.29,,8.42,,,,,2.88,25.45,38.94
FMC,,2.33,15.48,,,11.76,,,,,,3.39,,2.67,2.48,,101.99,,11.83,,,,,2.05,14.71,118.06
IFF,,4.15,32.86,,,21.51,,,,,,1.21,,2.68,4.38,,80.36,,-89.06,,,,,1.76,18.45,93.46
LIN,,13.91,203.77,,,189.64,,,,,,4.75,,6.16,3.51,,371.85,,17.71,,,,,5.84,28.49,345.02
LYB,,6.6,42.89,,,31.8,,,,,,2.5,,0.9,,,91.09,,7.85,,,,,0.67,11.15,89.64
MLM,,1.43,33.03,,,28.01,,,,,,3.77,,5.11,1.85,,436.28,,17.52,,,,,4.37,27.7,373.65
MOS,,5.78,17.35,,,13.36,,,,,,1.12,,0.92,,,36.05,,3.64,,,,,0.74,8.92,44.45
NEM,,4.53,36.02,,,33.15,,,,,,1.72,,3.22,0.79,,42.57,,18.01,,,,,2.96,14.22,45.98
NUE,,12.53,44.76,,,43.46,,,,,,2.18,,1.19,,,155.94,,5.1,,,,,1.18,10.36,150.48
PPG,,6.6,40.71,,,34.28,,,,,,4.5,,2.27,1.69,,143.23,,16.32,,,,,1.93,19.72,132.95
SHW,,9.33,84.18,,,72.05,,,,,,19.84,,3.67,3.24,,254.0,,20.86,,,,,3.18,30.77,236.83
STLD,4.18,6.12,19.07,20.45,4.3,18.09,0.15758000000000003,0.18960000000000002,0.17149999999999999,0.1466,-0.182,2.08,117.79,0.93,10.91,4.2,102.65,17.27,4.33,12.42,1.53,1.7,51.83,0.91,6.7,105.97
VMC,,1.56,34.09,,,29.8,,,,,,4.27,,4.59,2.16,,213.25,,21.41,,,,,4.03,36.36,185.55
ATVI,,5.31,62.83,,,72.3,,,,,,3.48,,7.22,2.32,,84.84,,20.45,,,,,8.36,23.36,79.11
CHTR,,24.48,159.33,,,61.55,,,,,,5.88,,2.92,0.43,,359.29,,7.72,,,,,1.17,12.45,360.6
CMCSA,27.25,83.21,277.26,120.61,37.16,186.91,4.08,0.1911,0.054400000000000004,0.054000000000000006,0.017,2.22,28.33,2.3,0.91,0.76,41.53,1.34,9.54,1.73,0.99,1.16,20.36,1.61,12.63,37.84
DIS,,28.32,200.8,,,162.68,,,,,,1.66,,2.31,0.79,,89.12,,14.99,,,,,1.87,16.95,96.03
EA,,5.75,36.22,,,37.04,,,,,,5.08,,4.88,1.09,,130.74,,18.86,,,,,5.1,19.72,124.66
GOOG,,156.63,1570.0,,,1660.0,,,,,,6.23,,5.43,1.47,,123.76,,17.73,,,,,5.88,23.26,105.03
GOOGL,,156.63,1570.0,,,1660.0,,,,,,6.21,,5.43,1.47,,123.15,,17.73,,,,,5.86,23.2,104.5
IPG,,3.6,16.1,,,13.07,,,,,,3.55,,1.49,3.64,,37.83,,9.62,,,,,1.23,12.58,35.42
LYV,,4.34,21.33,,,20.05,,,,,,31.01,,1.11,2.36,,88.92,,14.0,,,,,1.05,105.26,77.0
META,,92.86,813.16,,,830.38,,,,,,6.2,,6.75,1.02,,286.09,,21.23,,,,,7.07,25.51,193.73
MTCH,,2.23,16.11,,,12.85,,,,,,10.97,,5.07,0.82,,41.98,,28.81,,,,,4.25,22.27,41.88
NFLX,,12.45,202.79,,,194.37,,,,,,8.51,,6.31,2.09,,422.71,,9.95,,,,,6.16,37.45,343.1
NWS,,5.31,13.92,,,11.38,,,,,,1.42,,1.38,14.26,,19.53,,12.05,,,,,1.16,24.39,18.42
NWSA,,5.31,13.92,,,11.38,,,,,,1.4,,1.38,14.04,,19.32,,12.05,,,,,1.14,23.98,18.22
OMC,,2.76,20.04,,,16.37,,,,,,5.19,,1.4,2.22,,91.65,,8.32,,,,,1.18,11.44,86.53
PARA,,10.31,25.74,,,10.6,,,,,,0.48,,0.86,2.26,,15.79,,39.06,,,,,0.35,30.86,18.94
T,,69.89,254.29,,,102.23,,,,,,1.0,,2.09,9.53,,15.37,,12.28,,,,,0.88,5.91,17.79
TMUS,17.13,47.56,267.52,78.58,27.87,161.48,0.55331,0.1907,0.0446,0.0782,-0.026000000000000002,2.46,64.05,3.4,0.34,0.82,136.4,3.09,11.09,5.65,0.56,,55.7,2.15,18.9,142.81
TTWO,0.0011,,28.25,5.35,1.17,25.78,0.15714,-0.0803,-0.024,-0.2102,0.555,2.85,33.46,5.28,4.82,0.65,143.42,-7.07,48.5,5.99,0.7,,53.54,4.54,48.08,120.37
VZ,,77.7,313.39,,,140.54,,,,,,1.48,,2.32,6.45,,35.16,,6.31,,,,,1.04,7.1,37.67
WBD,,13.43,77.69,,,31.35,,,,,,0.67,,1.88,1.39,,12.55,,4.33,,,,,0.75,,12.86
AAP,0.39830000000000004,4.96,8.33,11.2,0.93131,4.38,0.05878,0.0572,0.033100000000000004,0.0361,0.013000000000000001,1.66,187.04,0.74,0.68,1.24,74.88,6.73,9.42,3.84,1.1,1.0,44.64,0.4,9.51,126.61
AMCR,1.27,2.82,21.64,14.93,1.96,14.73,1.46,0.09570000000000001,0.0507,0.0654,-0.011000000000000001,3.47,10.11,1.45,,1.27,10.0,0.65,10.52,0.39,0.85,0.49,2.89,1.0,14.66,11.06
AMZN,54.33,225.15,1430.0,524.9,57.19,1350.0,8.99,0.025400000000000002,0.0191,0.008199999999999999,0.094,8.74,51.42,2.72,5.14,0.92,127.09,0.42,28.55,6.28,1.26,,15.06,2.57,82.64,105.63
APTV,1.46,2.65,35.5,18.13,2.24,29.62,0.26882,0.0804,0.0433,0.0368,0.153,3.3,66.91,1.96,1.17,1.71,101.98,2.24,16.7,4.07,2.03,,33.18,1.64,25.19,102.97
AVY,0.7581,2.4,18.29,8.5,1.2,14.96,0.07991,0.10980000000000001,0.0713,0.0666,-0.109,7.42,104.92,2.15,3.42,1.09,171.77,6.93,15.98,3.13,0.96,3.24,24.99,1.78,22.17,177.45
AZO,3.1,8.47,55.26,17.11,3.84,45.05,0.0181,0.196,0.1392,0.1445,0.057999999999999996,,910.02,3.23,1.25,0.79,2459.71,126.81,16.44,17.49,0.67,,-236.03,2.82,17.21,2482.52
BALL,0.8300000000000001,2.58,27.8,15.12,1.96,18.27,0.31207,0.0862,0.039700000000000006,0.0298,-0.061,5.02,48.04,1.84,1.45,0.76,55.86,1.44,17.75,1.82,0.8,0.8,11.57,1.22,19.8,54.45
BBWI,1.12,3.25,13.33,7.51,1.51,8.4,0.19451,0.17010000000000003,0.1561,0.09670000000000001,-0.037000000000000005,,32.74,1.78,1.09,1.63,37.64,3.11,8.64,4.57,1.7,0.8,-9.48,1.12,13.35,38.52
BBY,2.88,9.91,20.95,45.12,2.71,18.06,0.19466999999999998,0.0395,0.07440000000000001,0.029300000000000003,-0.111,6.47,202.48,0.46,1.78,0.98,78.97,5.91,7.97,5.64,1.55,3.68,12.78,0.41,13.5,78.01
BKNG,7.75,14.62,105.8,18.17,5.6,107.64,0.03683,0.2831,0.1351,0.2214,0.402,100.22,465.41,5.82,1.1,1.59,2731.98,100.07,17.04,392.57,1.35,,28.86,6.31,21.41,2409.48
BWA,1.5,3.1,14.38,16.87,2.38,10.89,0.23348,0.09820000000000001,0.061900000000000004,0.0563,0.20199999999999999,1.46,72.32,0.89,1.8,1.62,43.07,4.08,6.78,3.61,1.41,0.44,32.12,0.68,10.73,39.98
CCL,1.06,3.81,54.11,17.49,1.28,23.5,1.01,-0.0596,-0.0124,-0.19829999999999998,1.045,4.01,14.09,3.09,,0.52,15.84,-2.7,64.95,3.99,2.39,,4.64,1.28,18.25,11.24
CMG,1.79,3.37,56.47,9.28,1.77,53.93,0.02739,0.1582,0.1302,0.12,0.136,19.49,335.52,6.08,1.85,1.59,2061.09,37.03,31.91,49.15,1.31,,100.26,5.86,45.87,1729.11
CZR,1.83,5.42,24.44,11.42,3.72,12.44,0.20533,0.21920000000000003,0.0446,0.060300000000000006,0.021,3.46,53.23,2.15,,0.78,50.1,-0.91,7.34,5.21,2.91,,21.14,1.09,66.23,47.66
DHI,3.39,10.07,46.05,34.6,6.47,43.27,0.30077,0.1844,0.1303,0.14070000000000002,0.107,2.0,100.77,1.33,0.77,5.55,118.98,14.05,7.31,9.24,1.54,1.0,64.03,1.28,10.29,99.21
DPZ,0.5641900000000001,1.16,19.18,4.51,0.85384,14.03,0.03488,0.1779,0.307,0.10490000000000001,-0.038,,127.42,4.25,2.69,1.46,340.43,13.24,22.02,2.19,0.86,4.84,-118.85,3.16,29.67,338.51
DRI,1.55,,24.57,10.49,1.56,20.14,0.12053,0.11359999999999999,0.0731,0.0936,0.064,9.15,86.04,2.34,1.9,0.51,165.25,7.99,15.38,3.04,1.23,5.24,18.18,1.95,18.76,151.14
EBAY,2.86,7.12,24.29,9.94,2.75,23.18,0.53032,0.2348,0.0737,0.1349,0.049,4.4,18.39,2.44,1.8,2.45,45.25,2.37,10.09,13.4,1.35,1.0,9.88,2.38,10.37,44.4
ETSY,0.6902200000000001,1.82,13.51,2.67,0.43207,12.16,0.12239,0.1409,0.0762,-0.2684,0.075,,21.34,5.14,1.98,2.81,90.51,-5.55,-24.18,8.72,,,-3.76,4.73,28.9,109.08
EXPE,3.61,10.01,18.48,12.08,1.38,17.88,0.14176,0.09820000000000001,0.029900000000000003,0.027200000000000002,0.185,9.76,77.6,1.53,0.81,0.83,110.13,1.96,10.69,40.15,1.62,,12.24,1.61,12.84,101.33
F,12.82,17.21,155.74,169.82,13.85,53.71,3.92,0.0431,0.0179,0.0244,0.11900000000000001,1.23,42.4,0.92,0.8,1.21,13.78,0.73,7.58,7.43,1.61,0.6,10.91,0.32,7.72,12.89
GM,21.49,21.15,137.86,169.73,17.06,52.45,1.37,0.0664,0.026600000000000002,0.0605,0.251,0.73,120.29,0.81,1.8,1.15,37.17,6.47,5.57,19.94,1.38,0.36,51.18,0.32,5.38,36.87
GPC,1.13,7.74,25.75,22.88,2.06,22.02,0.13971,0.0748,0.0645,0.053,0.055999999999999994,5.41,162.33,1.13,1.68,1.15,160.24,8.55,12.66,3.78,0.91,3.8,28.98,0.97,17.04,168.6
HAS,0.327,2.92,12.54,5.69,0.9739,8.95,0.13053,0.1311,0.0506,0.0211,-0.139,3.28,41.11,2.2,1.12,1.34,62.46,0.86,11.37,2.69,0.73,2.8,19.7,1.57,14.43,59.47
HD,16.44,52.78,382.02,155.75,26.7,333.86,1.0,0.1519,0.19340000000000002,0.1075,-0.042,922.25,153.15,2.45,2.18,1.27,307.7,16.43,14.26,1.25,0.95,8.36,0.36,2.17,22.17,304.87
HLT,1.95,2.74,49.19,4.19,2.47,40.42,0.25724,0.5526,0.0943,0.3084,0.192,,15.6,5.04,1.27,0.75,145.09,4.76,20.45,3.08,1.24,0.6,-5.45,4.27,25.58,140.35
IP,2.07,6.02,17.81,20.24,2.57,12.44,0.34426999999999996,0.07769999999999999,0.0402,0.0514,-0.131,1.48,57.55,0.88,2.4,1.59,31.88,4.53,7.16,2.16,1.05,1.85,24.29,0.63,17.45,34.69
KMX,0.5670900000000001,2.8,32.29,29.56,0.90204,13.3,0.15746000000000002,0.0222,0.0154,0.015600000000000001,-0.163,2.28,186.76,1.15,1.31,2.54,80.23,2.96,23.2,1.67,1.44,,36.81,0.48,30.49,69.91
LEN,4.85,7.2,36.81,33.64,5.89,36.11,0.25760000000000005,0.1723,0.1018,0.1266,-0.038,1.46,117.39,1.09,3.6,11.3,120.61,14.63,6.18,14.01,1.46,1.5,87.03,1.08,10.41,102.63
LKQ,1.22,5.22,18.26,12.9,1.72,14.84,0.26587,0.113,0.0693,0.078,0.032,2.49,47.94,1.42,7.39,2.03,55.71,4.18,10.32,7.12,1.35,1.1,22.24,1.16,13.97,55.42
LOW,7.72,32.26,173.73,95.75,14.15,136.15,0.58517,0.1275,0.1595,0.0665,-0.055,,156.19,1.81,1.49,1.25,220.08,10.44,14.31,5.76,1.08,4.4,-24.85,1.49,17.64,206.91
LVS,1.13,2.58,54.43,6.78,1.67,45.28,0.40903,0.0874,0.0167,0.0075,1.433,10.46,8.88,8.02,,2.77,57.92,0.07,27.91,7.55,1.18,0.2,5.67,6.68,29.76,53.68
MAR,2.85,4.28,73.24,5.97,4.32,62.11,0.23776,0.6770999999999999,0.1017,0.46659999999999996,0.141,443.63,19.04,3.3,1.31,0.46,183.12,8.52,17.47,1.89,1.59,2.08,-0.75,2.96,25.13,168.67
MCD,,13.21,258.72,24.19,13.01,212.51,0.72838,0.45890000000000003,,0.3306,0.136,,33.07,10.69,2.9,,291.36,9.31,22.25,5.08,0.64,6.08,-7.91,8.86,26.81,277.9
MGM,2.1,6.47,45.72,14.78,1.97,18.2,0.28620999999999996,-0.0852,-0.0172,0.025400000000000002,0.21100000000000002,3.76,39.1,3.23,,2.04,44.47,4.79,8.24,10.95,,0.01,12.52,1.4,46.73,40.88
MHK,0.98736,3.01,9.77,11.32,1.38,6.87,0.05308,0.0652,0.0316,-0.0282,-0.064,0.84,178.11,0.86,,1.78,103.09,-2.18,21.1,8.97,1.32,,128.87,0.61,12.33,102.73
NCLH,1.86,0.57667,20.66,7.16,0.66071,8.23,0.42212,-0.0256,-0.0061,-0.11880000000000002,0.858,,16.96,3.36,,0.32,19.15,-3.46,8.36,2.12,2.59,,0.04,1.33,26.67,15.89
NKE,5.84,,168.85,51.22,6.77,167.38,1.21,0.1155,0.095,0.099,0.048,11.95,33.01,3.3,2.0,2.72,108.55,3.23,24.93,6.98,1.12,1.36,9.14,3.35,29.15,113.99
NVR,,2.82,18.94,10.12,2.06,20.62,0.0032300000000000002,0.2021,0.2213,0.15960000000000002,-0.10800000000000001,4.96,3120.06,1.89,,7.2,6065.0,485.35,9.26,821.55,1.03,,1273.8,2.18,15.08,5292.73
ORLY,3.41,7.38,63.21,15.22,3.45,56.14,0.059750000000000004,0.2013,0.15109999999999998,0.1484,0.10800000000000001,,245.03,4.15,1.56,0.69,932.63,34.59,18.29,0.96,0.86,,-26.94,3.83,24.88,864.58
PHM,2.02,4.84,19.19,16.96,3.7,18.57,0.21783000000000002,0.2134,0.1565,0.1629,0.08,1.91,74.96,1.13,0.51,6.13,75.73,12.02,5.18,7.9,1.38,0.64,44.13,1.13,8.09,58.08
PKG,,2.1,16.09,8.03,1.74,13.77,0.08746,0.1575,,0.1079,-0.127,3.66,88.88,2.0,,,134.2,9.47,13.34,5.2,0.92,5.0,42.18,1.73,18.73,133.23
RCL,3.23,2.38,47.82,12.01,2.79,27.52,0.22835,0.1143,0.0257,-0.0047,0.613,8.18,47.01,3.98,,0.2,96.08,-4.0,16.59,2.84,2.48,,13.13,2.3,23.2,70.64
RL,0.41100000000000003,4.18,9.92,6.44,0.9669,8.6,0.03968,0.1158,0.0643,0.08109999999999999,0.012,3.54,95.18,1.54,1.35,2.23,121.56,7.58,10.41,23.94,1.41,3.0,37.05,1.41,14.12,113.78
ROL,0.4993,1.39,20.49,2.87,0.62688,20.02,0.25708,0.1855,0.1396,0.1365,0.149,14.92,5.83,7.14,3.49,0.81,41.98,0.8,32.14,0.32,0.66,0.52,2.72,6.97,46.08,39.14
ROST,2.52,5.68,40.15,18.86,2.38,38.83,0.33373,0.10490000000000001,0.09210000000000002,0.0819,0.037000000000000005,9.01,55.27,2.13,2.02,1.86,108.23,4.5,16.01,12.97,0.99,1.34,12.64,2.07,25.19,107.91
SBUX,5.16,8.39,137.14,35.02,6.5,116.08,1.12,0.1448,0.11140000000000001,0.1081,0.125,,30.51,4.03,1.4,0.78,99.95,3.08,20.74,3.16,0.93,2.12,-7.29,3.43,24.88,101.29
SEE,0.6168,1.77,11.09,5.57,1.06,6.48,0.14318,0.156,0.08070000000000001,0.0725,-0.049,18.69,38.43,1.99,2.32,1.19,41.59,2.77,11.08,2.1,1.26,0.8,2.4,1.18,12.71,46.77
TJX,5.46,13.79,107.07,50.31,5.83,99.26,1.15,0.0981,0.1094,0.0756,0.033,15.46,43.37,2.13,2.07,1.2,82.19,3.24,17.92,4.37,0.92,1.33,5.58,2.01,24.81,78.59
TPR,0.8116,4.65,12.57,6.67,1.34,9.93,0.23094,0.17379999999999998,0.1011,0.1351,0.05,4.39,27.68,1.89,0.96,1.94,42.59,3.68,9.56,2.81,1.48,1.2,9.76,1.58,10.16,40.31
TSCO,1.51,4.97,28.79,14.76,1.85,24.56,0.1091,0.09960000000000001,0.10869999999999999,0.0751,0.07200000000000001,11.77,133.98,1.95,2.2,1.6,217.51,9.7,15.55,5.67,0.81,4.12,19.07,1.68,21.32,223.55
TSLA,13.96,20.85,811.37,94.03,16.8,828.63,2.71,0.13460000000000003,0.0994,0.1297,0.47200000000000003,16.21,29.75,8.63,2.91,1.59,249.87,3.08,45.99,7.27,2.07,,16.11,9.65,75.76,195.27
ULTA,1.36,,23.29,10.5,1.88,22.02,0.0497,0.1565,0.1977,0.1198,0.12300000000000001,10.91,206.31,2.22,1.81,1.64,452.87,24.13,12.39,12.78,1.33,,40.42,2.16,17.54,480.0
VFC,-0.13390000000000002,,14.87,11.44,1.22,7.54,0.38515,0.0843,0.0442,0.0102,-0.077,2.59,29.48,1.28,0.53,1.37,19.0,0.31,30.99,2.08,1.49,1.2,7.0,0.65,9.36,24.54
WHR,1.2,3.07,14.85,19.15,1.42,7.85,0.0543,0.052000000000000005,0.0352,-0.0812,-0.06,3.89,349.42,0.78,1.22,0.87,144.61,-27.07,-33.37,23.88,1.53,7.0,36.69,0.41,9.76,141.57
WRK,1.93,4.02,17.54,21.12,3.15,8.39,0.25256,0.0779,0.0358,-0.058600000000000006,-0.019,0.87,82.8,0.83,11.91,1.53,29.49,-4.9,21.11,1.42,1.21,1.1,37.65,0.4,10.95,32.13
WYNN,0.21559999999999999,1.89,22.45,4.23,0.71186,12.42,0.09591,0.0116,0.0024,-0.054000000000000006,0.493,12.01,37.39,5.31,0.53,3.1,104.84,-2.16,24.44,34.03,2.03,1.0,-6.35,2.92,32.79,97.5
YUM,1.58,3.31,49.59,6.99,2.4,38.19,0.27955,0.32310000000000005,0.2426,0.2031,0.031000000000000003,,24.75,7.15,1.98,1.02,134.91,4.26,21.45,1.56,1.01,2.42,-30.13,5.65,26.18,130.12
ACGL,4.48,2.85,31.83,11.79,2.58,28.75,0.35978,0.2108,0.031200000000000002,0.192,0.428,2.08,32.14,2.72,,1.71,74.35,5.2,,7.05,0.72,,37.25,2.48,12.95,66.84
AFL,,8.08,47.18,18.99,5.03,43.57,0.59072,0.26239999999999997,0.0234,0.2413,-0.042,2.2,30.86,2.46,,18.06,69.14,6.93,,7.92,0.94,1.68,34.29,2.36,12.79,68.27
AIG,4.69,24.97,67.82,50.98,12.03,43.7,0.7099099999999999,0.1431,0.0085,0.09,-0.1,1.01,68.62,1.29,,0.87,57.27,8.0,,18.59,,1.44,58.49,0.88,9.64,57.36
AIZ,,0.7144,7.78,10.57,0.8082,7.18,0.05318,0.0591,0.0121,0.0327,0.08800000000000001,1.63,197.35,0.75,,0.28,127.6,4.52,,,0.55,2.8,83.47,0.71,12.45,126.82
AJG,,3.64,53.76,8.84,2.52,47.25,0.213,0.2154,0.0252,0.1259,0.17300000000000001,4.54,41.6,5.84,,1.03,212.26,5.38,22.52,4.42,0.7,2.2,48.24,5.16,25.06,198.09
ALL,4.79,6.44,39.47,54.62,-2.3,29.71,0.25997000000000003,-0.055999999999999994,-0.0194,-0.0481,0.14400000000000002,1.91,206.28,0.75,,0.39,109.84,-8.68,,22.31,0.57,3.56,51.59,0.57,36.63,121.59
AMP,,7.84,34.42,15.06,,35.88,0.1024,0.29550000000000004,0.0169,0.1517,0.141,8.79,138.97,2.39,1.37,10.09,328.1,19.19,,71.43,1.47,5.4,39.69,2.72,11.52,318.62
AON,3.22,5.82,68.33,12.87,3.94,64.81,0.19603,0.2862,0.0651,0.2078,0.065,997.14,62.12,5.31,2.08,1.04,327.59,12.59,17.37,5.11,0.9,2.46,0.32,5.18,22.27,312.96
AXP,16.49,28.78,,53.01,,124.94,0.58352,0.18350000000000002,0.033100000000000004,0.1404,0.067,4.68,71.25,,1.18,1.61,168.74,9.85,,56.78,1.18,2.4,36.28,2.23,15.29,160.67
BAC,44.64,92.41,,96.44,,251.26,7.92,0.3455,0.0095,0.3088,0.086,0.99,11.94,,8.45,,29.46,3.48,,107.77,1.37,0.96,32.05,2.57,9.3,31.89
BEN,1.23,3.52,21.82,7.8,2.03,14.37,0.28472000000000003,0.20420000000000002,0.0344,0.1051,-0.031000000000000003,1.2,15.94,2.8,,4.78,26.93,1.66,12.03,7.47,1.3,1.2,23.94,1.81,11.26,27.02
BK,,16.34,,16.99,,35.17,0.77718,0.2725,0.0067,0.17500000000000002,0.057999999999999996,0.97,21.14,,0.56,,43.77,3.44,,234.83,1.08,1.68,46.35,2.19,9.22,44.99
BLK,,8.79,112.25,17.35,6.53,109.4,0.14012,0.3515,,0.299,-0.013999999999999999,2.9,115.64,6.47,2.93,,700.47,34.32,15.71,36.48,1.29,20.0,251.57,6.38,21.01,690.98
BRK-B,39.09,-28.09,866.42,316.64,20.79,769.54,0.00122,0.0301,0.0061,0.022400000000000003,0.20500000000000002,1.52,216237.69,3.03,,1.47,337.96,3.4,,90090.38,0.87,,347828.19,2.71,22.42,316.03
BRO,0.9237000000000001,1.75,23.22,3.97,1.28,19.85,0.21762,0.27140000000000003,0.051100000000000007,0.1845,0.23600000000000002,3.91,14.25,5.83,,1.18,66.97,2.58,17.11,2.25,0.76,0.46,17.89,4.91,27.7,60.82
C,,70.56,,70.8,,90.64,1.87,0.25129999999999997,0.005699999999999999,0.1908,-0.011000000000000001,0.48,36.5,,,,46.71,6.31,,548.99,1.55,2.06,97.87,1.19,7.89,47.29
CB,10.84,10.63,98.71,46.5,8.06,83.47,0.40832999999999997,0.1672,0.0242,0.1259,0.249,1.58,112.15,2.12,0.77,0.41,193.78,13.92,,15.54,0.65,3.44,128.75,1.83,11.2,204.58
CBOE,0.42210000000000003,1.74,16.14,3.97,1.14,14.76,0.10502,0.2462,0.0759,0.0752,0.013999999999999999,4.17,37.43,4.06,,1.07,137.42,2.8,23.42,4.89,0.52,2.0,33.52,3.75,19.49,130.11
CFG,,7.55,,8.0,,14.76,0.47135000000000005,0.36460000000000004,0.0101,0.2848,0.057,0.68,16.37,,1.67,,28.14,4.44,,26.48,1.31,1.68,45.44,1.77,7.7,34.64
CINF,2.12,-0.533,17.12,9.37,1.82,17.0,0.14526,0.1814,0.0351,0.1449,2.177,1.54,59.52,1.83,,1.08,100.41,0.02,,4.77,0.61,3.0,70.34,1.83,24.51,106.58
CMA,1.3,3.47,,3.8,,6.93,0.13103,0.4551,0.0146,0.342,0.08800000000000001,1.33,28.86,,,,44.69,9.58,,81.2,1.24,2.84,39.49,1.78,7.02,56.35
CME,3.19,5.01,73.32,5.23,3.5,71.88,0.35832,0.6019,0.012,0.5699000000000001,0.1,2.58,14.57,14.0,4.62,1.02,184.91,7.87,16.66,5.52,0.44,4.4,77.49,13.71,22.88,181.04
COF,17.28,28.4,,26.39,,44.43,0.36657,0.2539,0.0117,0.20149999999999998,-0.087,0.81,68.95,,9.04,,110.31,13.13,,112.97,1.46,2.4,130.33,1.25,9.03,102.62
DFS,7.09,10.46,,10.79,,26.2,0.24863,0.4883,0.0311,0.3638,-0.034,2.05,40.79,,,1.13,111.93,14.41,,34.44,1.43,2.6,51.21,1.87,7.79,105.54
FDS,0.64126,0.9727899999999999,17.93,2.05,0.7529600000000001,16.54,0.038090000000000006,0.3161,0.10039999999999999,0.2477,0.084,9.91,53.57,8.75,2.62,2.11,408.11,13.04,22.5,13.76,0.83,3.92,43.68,8.25,26.25,415.73
FITB,,7.82,,8.21,,19.62,0.67753,0.3976,0.0123,0.3105,0.092,1.25,11.96,,6.42,,26.78,3.5,,5.48,1.21,1.32,23.05,2.28,8.99,30.6
GL,,1.35,12.73,5.27,0.99773,10.76,0.08704,0.18530000000000002,,0.1361,0.026000000000000002,2.8,54.63,2.42,,,109.28,7.38,,2.58,0.78,0.9,40.18,2.09,10.87,113.27
GS,,37.53,,43.76,,118.92,0.33982,0.26489999999999997,0.005600000000000001,0.2021,-0.08199999999999999,1.03,125.83,,2.72,2.67,331.87,23.51,,1960.27,1.38,11.0,307.62,2.77,13.32,343.09
HBAN,2.96,6.96,,7.24,,17.72,1.44,0.4482,0.013200000000000002,0.3315,0.042,1.09,5.01,,8.03,,11.09,1.55,,8.2,1.1,0.62,11.26,2.35,8.83,12.85
HIG,3.43,7.38,26.56,23.58,3.17,22.02,0.30436,0.11480000000000001,0.023100000000000002,0.0852,0.128,1.59,74.68,1.14,,1.88,71.61,5.8,,11.07,0.85,1.7,45.0,0.99,9.0,72.59
ICE,3.45,7.29,80.69,7.29,4.51,64.41,0.55702,0.5101,0.0129,0.1981,-0.002,2.78,13.05,8.36,1.2,1.08,111.83,2.59,22.72,3.7,0.94,1.68,41.44,6.68,20.83,105.74
IVZ,1.19,1.9,4.83,5.75,1.23,7.55,0.3245,0.1802,0.0217,0.1529,-0.057,0.49,12.57,0.84,2.31,5.83,16.48,1.36,3.88,2.29,1.38,0.8,25.23,1.34,10.22,17.15
JPM,,122.31,,135.22,,456.78,2.89,0.41979999999999995,0.0124,0.35380000000000006,0.20600000000000002,1.6,45.7,,3.15,,145.22,15.56,,501.62,1.08,4.0,98.11,3.17,10.39,136.93
KEY,,6.74,,6.38,,11.22,0.93155,0.2945,0.008,0.2404,-0.184,0.99,6.89,,2.81,,10.41,1.49,,2.07,1.26,0.82,12.12,1.63,10.12,14.48
LNC,,-1.73,8.89,15.21,-5.15,4.79,0.16796,-0.33909999999999996,-0.0094,-0.32420000000000004,-0.42600000000000005,0.83,89.73,0.49,,64.35,24.93,-26.87,,39.66,,1.8,28.51,0.27,3.91,29.38
MA,11.57,22.24,383.23,23.59,14.23,374.12,0.93341,0.5714,0.22390000000000002,0.4337,0.14,67.97,24.69,16.25,1.62,1.13,384.97,10.02,27.39,6.91,1.11,2.28,5.84,16.13,32.68,363.06
MCO,1.92,3.85,69.98,5.53,2.29,64.64,0.17265,0.3505,0.0835,0.2581,0.08199999999999999,20.56,30.16,12.66,2.37,1.65,339.96,7.49,29.77,12.73,1.3,3.08,17.14,11.73,36.9,305.56
MET,8.75,14.89,67.46,70.95,4.66,48.11,0.64527,0.059699999999999996,,0.0177,0.069,1.49,92.24,0.96,0.36,,56.41,1.04,,,,2.08,34.71,0.71,8.03,64.42
MKTX,0.33224000000000004,0.66534,9.56,0.73303,0.38136000000000003,9.89,0.03694,0.4435,0.1275,0.34380000000000005,-0.013000000000000001,8.49,19.56,13.04,2.58,16.61,266.83,6.72,23.56,12.73,0.77,2.88,30.92,13.47,35.09,301.35
MMC,3.55,8.88,107.16,21.59,5.72,93.7,0.49269,0.23170000000000002,0.0782,0.152,0.092,7.83,43.58,4.96,2.37,1.05,182.92,6.59,19.0,2.37,0.93,2.84,24.21,4.4,24.81,171.89
MS,,46.44,,53.19,,150.87,1.28,0.30770000000000003,,0.1886,0.02,1.64,32.2,,3.37,,86.82,5.69,,345.54,1.32,3.4,55.12,3.03,15.15,88.51
MSCI,1.19,1.84,47.03,2.35,1.37,43.18,0.07658,0.5441,0.1666,0.39020000000000005,0.126,,29.37,20.01,2.94,1.25,488.88,10.91,32.5,9.97,1.13,5.52,-15.09,18.68,41.84,498.92
MTB,,7.66,,9.28,,23.01,0.16490000000000002,0.4546,0.014499999999999999,0.3211,0.459,0.97,54.63,,1.28,,128.14,17.13,,175.37,0.8,5.2,143.41,2.48,8.96,140.85
NDAQ,,3.58,29.38,6.1,1.99,24.66,0.33958,0.2827,0.0447,0.1807,-0.077,3.95,12.44,4.81,2.35,1.6,51.81,2.23,16.05,11.48,0.92,0.88,12.7,4.08,18.28,57.22
NTRS,2.99,6.75,,6.77,,16.61,0.20442,0.2408,0.0077,0.1797,0.005,1.54,32.53,,1.7,,74.86,5.58,,36.74,1.08,3.0,51.94,2.47,12.9,84.61
PFG,,11.03,19.21,14.11,2.31,19.14,0.24101,0.14220000000000002,0.0042,0.1178,-0.466,1.84,57.69,1.12,,1.54,75.14,16.99,,19.33,1.3,2.6,42.75,1.15,11.71,81.0
PGR,7.74,1.69,81.19,55.88,2.73,74.58,0.58323,0.0432,0.0193,0.031200000000000002,0.33299999999999996,4.46,95.57,1.45,0.23,0.34,128.45,2.92,,2.83,0.49,0.4,27.71,1.34,24.27,132.54
PNC,,20.64,,21.18,,53.9,0.39497000000000004,0.3651,0.0116,0.2981,0.013000000000000001,1.09,52.42,,1.84,,127.04,14.58,,16.71,1.11,6.05,123.92,2.46,10.11,141.7
PRU,,9.95,51.9,64.24,1.97,35.16,0.36254000000000003,0.030299999999999997,0.0017000000000000001,0.0317,0.051,1.12,174.8,0.79,,2.49,88.12,1.33,,71.71,1.4,5.0,78.24,0.55,7.93,93.55
PYPL,5.77,11.65,84.1,28.07,5.29,84.27,1.11,0.1587,0.0364,0.09630000000000001,0.086,4.24,24.51,3.0,0.68,1.29,67.79,2.32,15.57,9.55,1.33,,17.7,3.09,15.24,74.17
RF,,6.94,,7.27,,19.09,0.93577,0.44320000000000004,0.0146,0.3171,0.08900000000000001,1.27,7.77,,1.12,,18.52,2.35,,10.53,1.2,0.96,15.95,2.46,8.77,20.26
RJF,,10.14,,11.16,,22.83,0.19022,0.1943,,0.1562,0.085,2.31,52.28,,1.15,,101.15,7.94,,69.9,1.06,1.68,46.67,2.13,11.17,104.01
SCHW,,20.17,,20.77,,119.61,1.49,0.4559,,0.3315,-0.079,4.4,11.22,,2.29,,57.81,3.44,,44.67,0.91,1.0,14.93,5.88,20.53,66.91
SPGI,3.29,7.42,137.23,12.06,5.39,126.74,0.31765,0.3523,0.0425,0.1945,0.036000000000000004,3.57,37.26,11.38,2.46,0.78,393.03,8.18,28.59,4.91,1.12,3.6,111.46,10.73,31.95,357.3
STT,7.79,12.13,,12.29,,22.98,0.30060000000000003,0.3012,0.0092,0.22260000000000002,0.063,1.03,35.18,,3.16,,71.8,7.39,,310.03,1.59,2.76,69.01,2.07,9.78,76.68
SYF,7.27,8.3,,7.7,,14.52,0.41499,0.4375,0.024,0.31829999999999997,-0.111,1.15,17.58,,,,33.57,5.5,,30.38,1.6,0.94,30.25,1.22,6.98,33.09
TFC,11.15,22.26,,22.33,,43.69,1.33,0.38670000000000004,0.011200000000000002,0.2747,-0.019,0.77,16.81,,,,31.98,4.33,,27.95,1.05,2.08,42.68,1.82,8.54,38.6
TROW,1.54,3.57,25.23,6.26,2.66,27.16,0.2195,0.32189999999999996,0.1033,0.24730000000000002,0.064,2.93,27.89,4.03,28.98,1.75,113.27,6.12,9.54,10.03,1.31,4.88,41.3,4.36,17.95,113.15
TRV,6.38,8.52,46.88,38.74,3.52,39.45,0.22794999999999999,0.071,0.014499999999999999,0.057699999999999994,0.105,1.81,166.66,1.21,0.74,0.33,173.17,9.42,,19.64,0.6,4.0,95.48,1.05,11.95,179.41
USB,,22.14,,24.05,,59.34,1.53,0.35100000000000003,0.0092,0.24100000000000002,0.11699999999999999,1.28,15.9,,1.99,,34.11,3.59,,46.08,0.99,1.92,30.14,2.18,9.17,39.51
V,19.7,28.57,502.28,31.83,22.28,498.69,1.61,0.6709,0.1529,0.5194,0.11699999999999999,13.41,15.45,15.78,1.53,1.49,232.23,7.48,23.03,9.21,0.97,1.8,18.26,15.8,24.33,221.57
WFC,25.91,72.25,,75.61,,167.65,1.82,0.24309999999999998,0.0084,0.214,0.14300000000000002,1.04,20.06,,0.31,,42.88,4.0,,200.81,1.13,1.4,43.94,2.16,9.51,42.97
WRB,,4.81,17.48,11.63,1.78,15.89,0.20369,0.1496,,0.1085,0.192,2.31,42.3,1.5,2.5,,59.03,4.54,,7.1,0.62,0.44,26.45,1.47,13.26,65.49
WTW,0.984,4.07,26.87,9.08,2.21,22.29,0.10394,0.18920000000000003,0.035,0.1184,0.063,2.27,84.06,2.96,0.95,1.07,227.28,10.27,13.11,15.28,0.75,3.36,93.37,2.53,14.68,234.01
ZION,,3.03,,3.12,,5.5,0.14563,0.3836,0.0101,0.28250000000000003,0.013999999999999999,1.13,20.98,,0.71,,30.78,5.85,,20.55,1.14,1.64,32.69,1.68,7.91,39.93
A,1.47,3.72,37.74,7.04,2.06,36.18,0.2944,0.2511,0.10400000000000001,0.19190000000000002,0.068,6.26,23.7,5.36,2.39,2.37,120.51,4.53,18.67,3.98,1.03,0.9,19.58,5.18,20.0,137.47
ABBV,,41.53,317.44,56.02,28.37,262.07,1.76,0.35259999999999997,,0.155,-0.049,19.74,31.67,5.67,,,138.52,4.25,19.59,3.81,0.55,5.92,7.53,4.73,13.5,150.27
ABC,3.25,8.33,41.64,254.43,3.59,38.25,0.16844,0.0106,0.028399999999999998,0.006600000000000001,0.115,135.78,1247.29,0.17,3.53,0.88,184.22,7.79,13.94,6.87,0.56,1.94,4.56,0.16,14.88,167.27
ABT,,24.58,199.57,40.23,9.85,192.21,1.73,0.16460000000000002,,0.1283,-0.114,5.19,23.07,4.96,43.31,,106.84,3.29,23.03,5.48,0.66,2.04,21.28,4.82,25.13,105.86
ALGN,0.8628600000000001,2.64,27.91,3.74,0.7136,28.82,0.07195,0.15410000000000001,0.0602,0.084,0.034,7.92,48.37,7.47,2.82,1.17,330.89,3.99,48.7,13.17,1.64,,47.54,7.8,44.64,282.34
AMGN,,19.92,154.06,,,124.03,,,,,,23.19,,5.88,1.28,,225.62,,10.82,,,,,4.77,13.21,247.09
BAX,1.56,6.03,37.99,15.18,3.08,22.79,0.5047200000000001,0.1165,0.037000000000000005,-0.18789999999999998,0.031000000000000003,4.09,30.03,2.5,3.23,1.42,44.62,-4.93,-39.82,3.4,0.6,1.16,11.0,1.5,15.67,46.16
BDX,2.1,8.61,95.35,18.81,4.81,79.11,0.28338,0.135,0.0291,0.086,0.015,3.08,66.1,5.07,2.29,1.31,258.66,5.44,21.48,7.0,0.59,3.64,90.44,4.24,20.41,248.07
BIIB,1.43,7.9,39.51,9.97,3.09,39.0,0.14438,0.26239999999999997,0.0651,0.2672,-0.051,2.7,69.08,3.96,6.01,3.27,287.74,20.95,10.35,41.97,0.14,,99.91,3.92,17.95,285.66
BIO,,1.57,11.27,,,11.74,,,,,,1.21,,4.05,1.07,,384.22,,-171.97,,,,,4.36,28.49,423.48
BMY,11.85,36.38,159.0,45.19,18.69,128.54,2.09,0.1925,0.056100000000000004,0.17620000000000002,-0.055999999999999994,4.02,21.44,3.52,,1.39,64.01,3.43,8.02,4.18,0.41,2.28,15.31,2.89,7.65,70.15
BSX,,8.68,83.4,,,74.6,,,,,,4.18,,6.22,1.9,,52.48,,32.26,,,,,5.6,26.04,48.41
CAH,4.97,6.54,24.08,198.66,2.34,23.33,0.25347000000000003,0.0083,0.024,0.0023,0.126,,748.26,0.12,5.04,1.03,90.16,1.7,18.58,15.67,0.79,2.0,-8.71,0.12,13.85,80.66
CI,11.65,22.98,112.08,182.8,9.92,87.47,0.29454,0.043899999999999995,0.0334,0.0369,0.064,1.97,601.6,0.61,1.07,0.71,273.7,21.81,,29.55,0.66,4.92,150.19,0.5,12.02,289.13
CNC,8.57,24.47,38.8,138.27,6.31,36.83,0.53677,0.0349,0.0368,0.0196,0.037000000000000005,1.43,247.62,0.26,0.78,1.11,66.74,2.65,6.42,35.79,0.57,,47.02,0.26,10.53,72.37
COO,,2.17,21.84,,,19.31,,,,,,2.62,,6.37,2.78,,376.64,,26.61,,,,,5.65,27.32,346.52
CRL,0.62639,1.46,13.67,4.09,0.97724,10.71,0.05061,0.1641,0.056799999999999996,0.1213,0.126,3.45,80.34,3.34,1.97,1.48,205.24,9.72,13.24,3.94,1.33,,60.74,2.63,20.28,214.38
CTLT,0.127,1.64,12.99,4.5,0.85,8.38,0.17951,0.0983,0.026099999999999998,0.0049,-0.185,1.78,25.11,2.87,7.66,1.84,43.18,0.23,21.09,1.4,1.23,,26.13,1.85,37.59,51.57
CVS,,53.46,149.81,,,94.81,,,,,,1.33,,0.45,1.46,,70.87,,12.49,,,,,0.29,8.6,82.25
DGX,1.37,3.47,19.94,9.49,1.75,15.11,0.11127,0.1379,0.0611,0.0837,-0.047,2.42,83.96,2.1,3.26,0.92,137.74,6.92,12.11,1.12,0.94,2.84,55.79,1.63,15.48,142.05
DHR,8.42,18.95,199.58,30.36,9.83,188.28,0.6542,0.2505,0.057,0.2095,-0.077,3.64,41.52,6.57,5.88,2.08,240.08,8.53,20.41,11.61,0.8,1.08,70.06,6.21,27.86,251.01
DVA,1.7,3.4,20.43,11.67,2.02,9.29,0.05372,0.11019999999999999,0.0475,0.0441,0.02,11.25,127.44,1.75,1.26,1.18,99.83,5.32,10.01,4.05,0.94,,9.11,0.82,15.41,85.41
DXCM,,1.88,47.06,,,47.32,,,,,,22.53,,14.72,4.15,,126.39,,68.82,,,,,16.26,111.11,116.79
ELV,,40.11,125.41,,,110.28,,,,,,2.89,,0.76,1.13,,453.2,,,,,,,0.68,14.2,479.0
EW,0.9404,4.3,49.05,5.66,1.75,49.88,0.6023200000000001,0.28440000000000004,0.11539999999999999,0.24559999999999998,0.114,7.82,9.25,8.67,5.38,3.15,88.44,2.38,25.53,2.48,1.02,,10.49,8.93,32.57,81.65
GILD,8.98,21.62,113.77,27.04,12.46,94.4,1.25,0.3787,0.1024,0.2065,-0.036000000000000004,4.5,21.58,4.21,0.55,1.28,77.29,4.42,10.93,5.22,0.38,3.0,16.83,3.53,11.12,80.9
HCA,9.83,23.18,115.21,61.92,12.31,75.34,0.20442,0.15,0.1104,0.0932,0.07,,221.71,1.86,1.35,1.2,283.28,19.85,8.46,3.1,1.62,2.4,-8.28,1.25,14.93,258.02
HOLX,0.9611000000000001,3.31,18.91,4.04,1.29,18.86,0.24291000000000001,0.2304,0.0622,0.1199,-0.018000000000000002,3.64,16.28,4.68,,4.42,79.57,3.02,16.65,11.39,0.99,,21.16,4.75,18.98,78.55
HSIC,0.536,3.83,11.86,12.53,1.05,10.33,0.12919,0.067,0.0616,0.0382,-0.037000000000000005,2.97,93.09,0.95,1.77,1.82,78.13,3.5,13.1,0.96,0.8,,26.46,0.86,15.04,79.32
HUM,13.19,17.18,55.52,98.73,5.16,57.24,0.12361,0.0487,0.0582,0.0342,0.13,3.45,786.99,0.58,1.27,1.37,466.89,24.65,,253.94,0.67,3.54,135.86,0.61,16.26,501.38
IDXX,0.74665,2.0,45.39,3.51,1.16,44.18,0.08216,0.2982,0.2391,0.2252,0.09699999999999999,52.53,42.31,13.23,4.98,1.33,499.39,8.29,43.4,1.6,1.19,,13.17,13.06,56.5,462.64
ILMN,0.23,3.15,31.47,4.45,0.389,29.93,0.15774000000000002,-0.0047,-0.001,-1.0088,-0.111,4.47,28.29,7.08,2.95,1.42,194.59,-28.81,-7.67,9.6,1.12,,42.36,6.69,142.86,208.28
INCY,,1.59,11.14,,,14.21,,,,,,3.18,,3.21,0.58,,62.55,,19.08,,,,,4.12,17.18,72.91
IQV,2.24,5.03,52.49,14.68,2.63,40.66,0.18162999999999999,0.1317,0.0479,0.0747,0.053,6.85,79.12,3.62,1.6,0.81,215.0,5.59,17.95,8.15,1.38,,31.39,2.86,20.96,208.71
ISRG,1.86,4.2,109.68,6.66,2.02,113.82,0.34946,0.24760000000000001,0.0747,0.2138,0.154,9.58,18.94,16.46,3.81,5.22,326.26,3.99,54.61,16.5,1.3,,33.81,17.38,58.82,275.3
JNJ,,63.95,456.04,,,438.94,,,,,,5.84,,4.66,1.48,,162.24,,18.92,,,,,4.57,15.82,165.28
LH,1.48,4.39,23.23,14.88,2.23,18.95,0.08839,0.1129,0.055099999999999996,0.0558,-0.179,2.16,167.11,1.74,10.38,2.35,202.49,11.13,13.37,21.77,1.06,2.88,98.89,1.43,12.45,200.95
LLY,6.29,21.91,445.32,27.69,9.15,430.11,0.94739,0.2782,0.0962,0.2054,-0.109,38.44,30.73,16.08,1.75,1.3,448.84,6.3,55.11,3.92,0.35,4.52,12.44,14.79,52.08,381.4
MCK,5.05,12.36,57.5,284.04,5.06,54.89,0.1325,0.016,0.0449,0.013200000000000002,0.109,5.04,2044.56,0.21,3.28,0.94,405.32,25.03,10.48,19.53,,2.48,-11.87,0.21,15.17,378.1
MDT,6.04,,133.05,31.23,8.38,116.65,1.33,0.1819,0.039,0.12029999999999999,0.055999999999999994,2.27,23.48,4.26,1.76,2.39,86.55,2.82,15.3,5.98,0.72,2.76,38.69,3.74,17.33,83.38
MOH,1.44,3.93,11.19,31.84,1.68,17.61,0.05762,0.0487,0.07400000000000001,0.0288,0.040999999999999995,4.86,552.21,0.34,,1.52,293.2,15.28,7.38,150.88,0.69,,62.43,0.54,14.88,302.87
MRK,,42.08,287.5,,,267.14,,,,,,5.7,,4.93,1.49,,110.06,,45.15,,,,,4.63,21.41,108.73
MTD,0.96915,2.31,30.15,3.95,1.26,28.08,0.02152,0.29910000000000003,0.22039999999999998,0.2248,0.004,,178.46,7.63,2.83,1.24,1315.07,40.05,23.62,3.82,1.14,,-4.1,7.25,30.3,1416.04
PFE,,66.23,215.98,77.94,31.13,201.03,5.64,0.3273,,0.2755,-0.541,1.99,13.85,2.32,,,37.46,5.07,5.6,3.54,0.55,1.64,17.89,2.19,10.7,42.61
PODD,0.13319999999999999,0.8056000000000001,19.66,1.37,0.1177,18.88,0.06936,0.0384,0.0151,0.0004,0.212,37.56,19.7,14.37,0.7,3.47,283.9,0.0,191.24,8.91,0.78,,7.21,13.86,208.33,293.2
REGN,4.28,7.02,74.83,12.37,5.08,81.08,0.10252,0.38079999999999997,0.10439999999999999,0.3381,0.066,3.45,115.42,6.05,1.76,5.45,737.8,36.84,14.71,83.65,0.21,,219.38,6.79,18.15,751.77
RMD,,2.06,34.61,,,33.11,,,,,,8.42,,8.62,2.61,,218.05,,26.45,,,,,8.27,32.36,219.71
RVTY,,2.04,17.43,,,15.38,,,,,,1.91,,5.77,4.65,,119.2,,17.76,,,,,5.13,24.63,129.29
STE,0.8063300000000001,2.16,25.16,5.09,1.36,22.1,0.09837000000000001,0.1597,0.046200000000000005,0.0235,0.111,3.64,51.19,5.08,,2.29,216.69,1.07,30.65,2.11,0.85,2.08,62.59,4.53,,194.6
SYK,2.87,11.65,117.32,18.95,4.65,106.01,0.33899,0.1918,0.06230000000000001,0.1386,0.11800000000000001,6.27,50.07,6.19,3.32,1.73,288.87,6.88,27.1,4.63,0.96,3.0,44.51,5.63,27.55,265.91
TECH,0.27372,0.75809,13.24,1.12,0.34429000000000004,12.93,0.15582,0.2481,0.07110000000000001,0.2415,0.013000000000000001,6.84,7.16,11.79,,4.05,81.5,1.68,29.72,1.0,1.22,0.32,12.01,11.85,34.97,79.73
TFX,0.36569,1.55,13.2,2.86,0.7811,11.71,0.04685,0.1918,0.0497,0.1268,0.10800000000000001,2.85,60.97,4.61,1.72,2.48,243.07,7.68,17.72,6.74,1.0,1.36,87.51,4.12,18.62,240.68
TMO,,19.0,241.42,,,210.54,,,,,,4.81,,5.55,2.24,,528.91,,22.69,,,,,4.9,23.26,544.75
UHS,1.17,5.16,14.87,13.8,1.73,9.77,0.060700000000000004,0.0836,0.0534,0.0501,0.068,1.61,194.1,1.08,,1.29,144.5,9.4,9.0,1.13,1.27,0.8,86.87,0.72,14.2,135.37
UNH,41.37,79.62,489.24,348.52,33.3,469.93,0.93638,0.08750000000000001,0.0747,0.060599999999999994,0.156,5.38,373.94,1.42,1.65,0.8,484.23,22.34,14.26,49.23,0.66,6.83,92.94,1.38,20.33,498.73
VRTX,,5.32,79.94,9.51,4.62,89.56,0.25709,0.4704,0.15560000000000002,0.354,0.135,6.21,36.96,8.68,0.56,4.14,344.45,12.57,18.29,43.58,0.51,,60.01,9.81,24.81,318.79
VTRS,2.79,7.03,30.6,15.8,5.35,12.25,1.19,0.1587,0.0305,0.12050000000000001,-0.11,0.59,13.06,1.94,,1.58,9.88,1.57,4.92,0.49,1.19,0.48,17.45,0.79,3.56,10.41
WAT,0.57167,1.72,17.28,2.99,0.9979500000000001,16.2,0.05884,0.2889,0.1424,0.2254,0.037000000000000005,27.01,50.6,5.83,2.66,2.08,266.81,11.46,17.32,5.59,0.86,,13.06,5.54,21.69,303.96
WBA,1.3,28.27,61.0,136.11,2.86,25.53,0.7135900000000001,0.0075,0.0067,-0.0244,0.086,1.21,157.64,0.45,6.74,0.63,30.5,-3.85,-19.47,1.12,0.68,1.92,24.4,0.19,7.21,34.78
WST,0.707,1.14,26.97,2.87,0.8290000000000001,27.45,0.07346,0.2451,0.12490000000000001,0.18100000000000002,-0.023,9.99,38.52,9.41,6.98,3.66,364.22,7.28,36.29,10.78,1.09,0.76,37.17,9.8,49.26,306.07
XRAY,,2.13,10.77,,,8.79,,,,,,2.41,,2.74,2.69,,39.38,,-13.9,,,,,2.26,21.51,36.34
ZBH,,4.92,33.22,,,27.62,,,,,,2.27,,4.67,3.08,,138.27,,19.71,,,,,3.91,18.05,128.14
ZTS,2.15,5.63,90.36,8.09,3.28,85.73,0.4614,0.3552,0.1301,0.2559,0.006999999999999999,19.08,17.34,11.16,3.64,3.27,172.28,4.41,27.15,4.56,0.78,1.5,9.72,10.73,34.25,163.78
AAL,,11.44,41.13,,,10.6,,,,,,,,0.78,0.08,,16.56,,7.39,,,,,0.21,5.22,15.03
ADP,3.93,7.45,103.59,17.66,4.88,102.33,0.41243,0.24559999999999998,0.041100000000000005,0.18460000000000001,0.085,29.16,42.6,6.02,2.82,1.0,224.44,7.82,19.77,5.04,0.83,5.0,8.93,6.0,27.17,229.57
ALK,1.01,2.36,8.0,10.34,0.889,6.56,0.12681,0.044800000000000006,0.0195,0.015500000000000002,0.068,1.66,81.26,0.77,,0.63,49.98,0.43,25.48,19.18,1.54,,31.02,0.6,7.28,46.37
ALLE,0.5805,1.32,11.93,3.61,0.8118,10.19,0.08722,0.19690000000000002,0.1137,0.1427,0.18,8.95,41.03,3.3,1.67,1.93,116.38,5.54,15.07,3.67,1.12,1.8,12.97,2.84,17.24,110.54
AME,,2.15,38.6,,,36.75,,,,,,4.74,,6.14,2.14,,154.9,,20.53,,,,,5.86,26.11,143.21
AOS,0.5972000000000001,1.33,10.75,3.74,0.7762000000000001,10.92,0.12235,0.1872,0.1331,0.0732,-0.005,5.78,24.6,2.88,2.11,1.81,71.06,1.59,28.81,2.72,1.28,1.2,12.55,2.97,21.14,64.83
AXON,,0.72864,13.16,,,13.55,,,,,,9.65,,10.31,,,192.19,,111.56,,,,,10.47,62.5,190.8
BA,9.2,5.77,182.07,73.61,1.08,143.57,0.5582400000000001,-0.0113,-0.0038,-0.060700000000000004,0.184,,122.53,2.47,6.53,1.17,214.38,-7.09,-702.99,22.82,1.42,,-25.74,1.94,29.5,198.57
CHRW,1.88,1.89,13.58,20.12,0.84814,11.57,0.11815,0.038900000000000004,0.076,0.026600000000000002,-0.35000000000000003,8.38,167.21,0.6,6.89,1.11,95.68,6.31,11.54,1.77,,2.44,11.71,0.55,23.42,96.84
CMI,2.29,6.74,43.32,30.14,4.1,37.51,0.14084,0.10740000000000001,0.0728,0.0837,0.324,3.9,213.28,1.44,1.83,1.29,239.1,17.74,9.83,17.23,1.05,6.72,67.98,1.25,13.66,239.04
CPRT,1.32,1.64,40.43,3.76,1.56,42.42,0.43422000000000005,0.37829999999999997,0.1506,0.3072,0.087,7.58,7.89,10.77,3.3,5.92,89.03,2.41,26.0,4.43,1.21,,11.72,11.41,32.89,73.08
CSX,5.57,7.39,84.19,15.03,7.53,66.83,2.0,0.39670000000000005,0.09140000000000001,0.2736,-0.03,5.45,7.27,5.6,2.94,1.42,32.86,1.98,10.93,0.51,1.21,0.44,6.12,4.59,17.54,31.26
CTAS,,,53.8,,,51.25,,,,,,13.26,,6.1,3.14,,489.18,,24.3,,,,,5.91,35.21,455.37
DAL,6.9,9.68,50.73,55.75,7.03,29.21,0.63766,0.0917,0.0431,0.0536,0.127,3.61,87.31,0.91,0.32,0.46,43.32,4.66,10.55,9.43,1.3,0.4,12.65,0.52,6.78,37.24
DE,6.31,14.49,179.35,59.66,13.51,127.08,0.27287,0.20940000000000003,0.08560000000000001,0.15,0.3,5.67,199.37,3.06,1.25,1.99,401.35,29.74,11.63,13.22,1.07,5.0,76.38,2.22,13.97,405.35
DOV,1.04,3.07,23.49,8.48,1.73,20.35,0.13917,0.1671,0.0815,0.1204,-0.027000000000000003,4.36,60.29,2.77,1.29,1.41,144.23,7.48,13.79,2.04,1.34,2.02,33.33,2.43,16.23,142.46
EFX,1.09,2.94,30.32,5.06,1.49,24.82,0.1222,0.17670000000000002,0.049100000000000005,0.1036,0.001,5.92,41.3,5.99,1.76,1.2,221.13,4.25,19.99,1.34,1.45,1.56,34.16,4.93,29.15,203.87
EMR,2.5,8.19,60.89,20.79,5.2,52.37,0.57191,0.1949,0.062400000000000004,0.6356,-0.212,4.61,35.92,3.0,3.77,2.38,87.47,4.93,11.76,17.35,1.41,2.08,35.65,2.65,19.57,88.03
ETN,3.34,6.89,96.03,22.05,4.38,87.29,0.39738,0.1562,0.059800000000000006,0.12300000000000001,0.125,5.0,55.33,4.49,2.72,1.53,195.62,6.39,23.06,3.33,1.12,3.44,44.99,4.1,25.91,170.77
EXPD,,2.28,17.34,,,19.17,,,,,,6.09,,1.16,,,119.19,,9.91,,,,,1.35,23.58,110.9
FAST,1.25,3.22,33.71,7.24,1.68,33.33,0.56992,0.2072,0.2045,0.1551,0.059000000000000004,9.86,12.67,4.66,3.42,4.26,56.8,1.96,20.06,0.43,1.15,1.4,5.92,4.62,28.99,52.53
FDX,8.85,24.4,98.83,90.15,10.6,67.36,0.23093000000000002,0.0713,0.0464,0.0441,-0.10099999999999999,2.58,354.94,1.1,1.15,1.37,242.72,15.47,9.66,27.29,1.36,5.04,103.86,0.76,15.24,207.81
GD,4.14,6.62,71.86,40.86,5.08,61.53,0.25417,0.10250000000000001,0.050800000000000005,0.0824,0.105,3.16,149.25,1.76,1.79,1.39,214.15,12.19,13.47,4.23,0.83,5.28,71.46,1.52,17.89,229.18
GE,6.14,18.54,121.36,80.94,9.26,123.23,1.09,0.08070000000000001,0.0234,0.12090000000000001,0.182,3.95,74.19,1.5,3.4,1.25,107.74,9.23,7.81,19.8,1.21,0.32,28.66,1.53,55.25,86.8
GNRC,0.10941,1.52,11.33,4.03,0.48668,9.54,0.06115,0.0812,0.0378,0.0464,-0.225,4.08,64.79,2.62,2.17,2.43,132.62,4.04,18.55,3.1,1.24,,38.87,2.28,23.75,115.41
GPN,2.21,5.23,47.83,9.28,3.68,31.63,0.25739,0.21550000000000002,0.0271,0.08650000000000001,0.075,1.43,34.88,5.25,0.7,1.08,104.47,-0.51,23.86,7.38,1.01,1.0,85.29,3.59,11.64,105.45
GWW,1.64,5.85,38.51,16.02,2.71,36.27,0.04446,0.1559,0.207,0.1104,0.09,12.36,317.48,2.4,2.16,2.78,733.42,32.62,14.1,10.3,1.21,7.44,58.7,2.29,20.58,649.82
HII,,1.44,11.98,,,9.17,,,,,,2.57,,1.11,,,220.22,,10.29,,,,,0.86,16.39,220.42
HON,5.02,11.64,141.07,36.15,8.66,128.46,0.63222,0.2072,0.0751,0.15080000000000002,0.022000000000000002,7.43,53.99,3.9,2.17,1.41,201.3,7.7,16.36,13.21,1.09,4.12,26.05,3.61,21.41,201.41
HWM,0.772,1.6,23.87,6.2,1.34,20.25,0.40761000000000003,0.17350000000000002,0.06620000000000001,0.0859,0.18300000000000002,5.46,14.99,4.02,0.8,2.22,47.52,1.16,20.73,1.3,1.26,0.16,9.03,3.46,28.82,41.99
IEX,,1.44,17.91,,,16.77,,,,,,5.12,,5.38,2.45,,209.97,,19.15,,,,,5.06,28.17,220.28
IR,1.03,2.33,28.37,6.46,1.48,26.7,0.40336,0.1608,0.0443,0.10890000000000001,0.171,2.87,15.89,4.57,1.71,2.3,63.39,1.58,20.68,2.91,,0.08,23.28,4.35,24.45,57.0
ITW,,6.5,83.77,16.07,4.39,76.54,0.27613,0.2483,0.1593,0.193,0.016,24.69,52.55,5.23,3.1,1.59,243.35,9.99,18.53,3.04,1.14,5.24,10.2,4.86,26.18,231.28
J,0.46279000000000003,3.33,19.02,15.59,1.35,16.05,0.12551,0.06820000000000001,0.044000000000000004,0.0496,0.064,2.52,122.31,1.22,1.22,1.53,119.17,6.05,13.12,9.64,0.84,1.04,50.31,1.04,15.08,119.1
JBHT,2.09,2.58,22.22,13.85,1.89,21.07,0.08175,0.0861,0.0962,0.062000000000000006,-0.184,5.39,133.59,1.6,5.02,1.21,181.35,8.19,11.77,2.86,1.15,1.68,37.85,1.54,25.64,178.92
JCI,2.01,8.34,56.56,26.61,3.6,48.05,0.67835,0.1045,0.0409,0.07740000000000001,0.078,3.02,38.77,2.17,1.12,1.08,65.89,1.99,22.06,1.55,1.24,1.48,24.0,1.86,17.09,63.38
LHX,2.13,4.93,44.66,17.99,2.73,35.5,0.18816,0.09730000000000001,0.0315,0.0446,0.135,1.93,94.5,2.48,1.17,1.09,191.31,4.23,19.48,1.93,0.71,4.56,97.46,2.0,15.36,205.17
LMT,7.73,8.39,127.52,67.39,10.3,113.65,0.21353,0.136,0.10529999999999999,0.1048,0.081,12.3,262.18,1.89,2.49,1.36,456.21,27.26,12.2,14.59,0.65,12.0,36.81,1.73,16.84,467.76
LUV,2.94,5.98,17.06,25.13,1.8,19.91,0.59313,0.0239,0.0101,0.023100000000000002,0.046,1.85,42.31,0.68,0.35,1.25,33.95,1.09,7.0,20.45,1.17,0.72,18.11,0.85,13.09,34.18
MAS,,2.75,16.72,,,13.82,,,,,,,,2.03,2.71,,56.21,,13.49,,,,,1.69,19.57,51.7
MMM,6.24,15.0,73.52,33.05,-2.83,61.03,0.5515,-0.1409,-0.0616,-0.0443,-0.043,7.83,59.36,2.22,4.13,1.44,101.8,9.68,-92.82,7.82,0.96,6.0,14.13,1.86,13.0,111.35
NDSN,,1.43,15.23,,,14.29,,,,,,5.72,,5.84,2.31,,237.83,,19.39,,,,,5.56,25.06,229.33
NOC,3.8,7.47,79.99,37.88,7.24,67.8,0.15092,0.1561,0.0844,0.1227,0.08800000000000001,4.38,247.43,2.11,13.49,1.2,450.0,30.86,10.85,22.37,0.51,7.48,102.29,1.82,19.84,476.35
NSC,4.06,6.16,67.69,12.69,5.92,53.11,0.22661,0.3674,0.0742,0.2025,-0.083,4.2,55.28,5.33,3.52,0.68,224.39,12.98,13.16,2.45,1.28,5.4,55.68,4.24,18.45,227.99
ODFL,,2.49,45.27,5.95,1.99,45.25,0.09776000000000001,0.2858,0.21760000000000002,0.21489999999999998,-0.152,11.81,53.93,7.61,4.7,1.45,353.39,12.17,26.54,0.5,1.12,1.5,34.99,7.7,37.31,324.6
PAYX,1.7,,44.63,5.01,2.21,45.36,0.32174,0.406,0.1259,0.311,0.075,12.99,13.89,8.91,3.43,1.3,115.22,4.31,19.73,4.43,0.98,3.36,9.69,9.1,26.88,114.36
PCAR,3.59,4.61,52.87,32.54,5.46,45.19,0.5132000000000001,0.1561,0.0941,0.11199999999999999,0.24100000000000002,3.0,62.21,1.62,7.14,1.56,80.38,6.95,9.07,12.66,0.98,1.02,28.84,1.39,10.86,72.48
PH,,4.48,65.98,,,53.14,,,,,,5.43,,3.63,2.0,,374.15,,21.07,,,,,2.96,18.32,329.91
PNR,0.5265,1.39,13.61,4.17,0.9113,11.54,0.16443000000000002,0.1888,0.0864,0.1182,0.017,3.93,25.31,3.27,1.96,1.48,62.62,2.99,17.09,0.86,1.15,0.88,17.78,2.78,18.9,53.42
POOL,0.8329,1.93,16.54,5.78,0.88253,15.12,0.03779,0.1462,0.1381,0.1032,-0.09699999999999999,10.37,148.32,2.86,,2.72,356.25,15.16,18.73,1.36,0.98,4.4,37.35,2.63,28.82,342.31
PWR,,2.53,33.47,,,29.31,,,,,,5.32,,1.91,1.33,,190.33,,22.99,,,,,1.71,28.25,162.58
RHI,,3.09,7.64,,,7.97,,,,,,4.9,,1.1,5.14,,74.3,,8.44,,,,,1.15,19.23,75.85
ROK,0.9345,3.1,39.59,8.62,1.77,35.72,0.11454,0.17870000000000003,0.08539999999999999,0.16510000000000002,0.13699999999999998,11.32,75.02,4.74,2.39,1.12,316.32,11.35,20.41,3.87,1.44,4.72,29.11,4.31,23.04,283.16
RSG,3.39,5.46,60.05,14.43,4.12,48.12,0.20611000000000002,0.18420000000000003,0.057300000000000004,0.1091,0.091,4.72,45.58,4.16,3.08,0.76,147.78,4.78,15.14,0.57,0.66,2.14,32.25,3.34,29.33,136.54
RTX,5.26,13.67,159.57,70.57,12.09,128.04,1.33,0.1121,0.0308,0.0788,0.12300000000000001,1.77,48.21,2.26,5.52,1.1,95.31,3.74,13.1,3.7,0.71,2.36,49.73,1.84,17.54,97.04
SNA,0.9124,2.45,14.93,4.99,1.4,14.55,0.051930000000000004,0.2621,0.1161,0.19530000000000003,0.05,3.06,94.2,3.22,2.12,3.67,274.11,18.03,10.46,16.46,1.11,6.48,89.93,3.21,15.15,248.66
SWK,0.2036,4.41,23.47,16.2,0.9657000000000001,15.92,0.15283000000000002,0.0219,0.008199999999999999,0.0487,-0.053,1.68,109.59,1.43,,1.28,90.25,-1.15,33.54,2.55,1.36,3.24,62.22,0.97,111.11,83.42
TDG,,3.11,67.02,,,49.58,,,,,,,,11.37,2.92,,849.22,,24.35,,,,,8.76,32.26,725.99
TT,1.8,4.96,49.53,16.82,2.89,45.39,0.22954,0.1542,0.0886,0.1118,0.12300000000000001,7.52,73.16,3.04,2.33,1.19,185.61,7.79,17.8,2.88,1.21,3.0,27.26,2.85,23.42,178.07
TXT,,2.06,17.22,,,15.44,,,,,,2.19,,1.31,,,67.15,,11.05,,,,,1.23,14.45,68.85
UAL,8.84,13.19,34.17,50.88,7.72,17.47,0.32627,0.10470000000000002,0.0463,0.0524,0.171,2.27,155.47,0.67,0.14,0.91,52.64,7.85,6.59,58.35,1.42,,23.49,0.35,4.99,46.76
UNP,,13.37,175.12,,,141.09,,,,,,10.69,,7.07,3.34,,206.88,,14.22,,,,,5.74,21.55,203.97
UPS,11.98,25.09,176.32,98.89,16.05,159.32,0.7243200000000001,0.1294,0.1124,0.109,-0.06,7.95,113.92,1.78,2.63,1.34,177.68,12.36,9.83,10.94,1.08,6.48,23.33,1.63,17.24,179.41
URI,4.62,5.02,44.97,13.19,4.11,32.37,0.06794,0.2812,0.1001,0.1734,0.28300000000000003,4.37,190.17,3.41,1.33,0.75,414.76,31.07,7.31,3.32,1.89,5.92,108.58,2.5,12.02,385.51
VRSK,1.09,1.67,36.04,2.43,1.26,33.19,0.14396,0.4581,0.1178,0.207,-0.096,485.22,15.96,14.39,,1.07,225.0,4.86,26.09,2.13,,1.36,2.03,14.34,41.49,194.07
WAB,0.704,2.58,25.38,8.99,1.59,21.35,0.17694000000000001,0.1292,0.038900000000000004,0.07540000000000001,0.17500000000000002,2.1,49.85,2.82,,1.12,105.85,3.59,16.35,2.07,1.5,0.66,56.88,2.4,21.37,101.11
WM,4.3,7.4,81.05,20.02,5.6,65.83,0.40406000000000003,0.17600000000000002,0.0713,0.1142,0.018000000000000002,9.53,48.95,4.05,2.83,0.82,166.12,5.56,14.75,0.36,0.71,2.8,17.07,3.34,27.03,160.73
XYL,0.5730000000000001,2.09,27.91,6.06,0.937,26.8,0.23991,0.1101,0.034300000000000004,0.0581,0.262,7.49,32.45,4.9,2.52,1.64,109.57,2.05,37.11,2.94,1.08,1.32,41.13,3.56,33.9,106.44
AAPL,109.58,170.78,3130.0,385.1,123.79,3080.0,15.71,0.2916,0.2056,0.24489999999999998,-0.025,49.5,24.12,8.13,2.68,0.94,186.54,5.89,24.71,3.55,1.29,0.96,3.95,8.15,29.67,159.55
ACN,9.9,19.7,197.02,63.55,10.84,202.47,0.62991,0.1535,0.1267,0.1127,0.025,7.99,100.69,3.1,2.99,1.37,309.85,11.21,16.92,13.54,1.22,4.48,40.16,3.23,25.77,284.53
ADBE,7.86,15.44,247.79,18.43,6.82,250.28,0.45443,0.33640000000000003,0.1431,0.2634,0.098,16.87,39.84,13.45,2.07,1.16,477.83,10.51,34.43,14.48,1.34,,32.54,13.81,31.06,379.37
ADI,4.89,7.8,105.57,12.87,6.76,100.02,0.49939,0.34520000000000006,0.0553,0.2816,0.098,2.78,25.22,8.2,2.04,1.79,188.42,7.04,15.99,2.35,1.15,3.44,71.82,7.97,19.76,176.92
ADSK,2.36,4.58,45.96,5.1,1.09,45.41,0.21329,0.201,0.07400000000000001,0.1642,0.085,50.62,23.68,9.0,1.22,0.72,207.37,3.86,39.79,9.97,1.52,,4.19,9.04,29.07,203.35
AKAM,1.29,2.24,16.79,3.63,1.12,14.31,0.14937,0.1942,0.0534,0.1343,0.013000000000000001,3.43,22.99,4.63,1.45,2.03,91.43,3.09,13.75,4.94,0.78,,27.31,4.11,16.42,85.55
AMAT,6.89,11.99,129.19,26.64,8.32,128.17,0.83623,0.2942,0.1796,0.2436,0.062000000000000006,9.07,31.28,4.85,4.76,2.26,139.29,7.59,15.6,6.07,1.58,1.28,16.83,4.9,20.2,116.59
AMD,2.4,12.05,186.29,21.88,3.1,189.38,1.6,-0.0173,-0.0034999999999999996,-0.0011,-0.182,3.46,13.55,8.08,1.91,2.18,115.79,0.18,38.01,3.9,1.82,,34.2,8.27,41.49,87.96
ANET,0.98315,2.68,53.53,5.26,1.97,57.22,0.2514,0.36119999999999997,0.1696,0.3248,0.387,9.77,17.16,10.17,1.92,4.14,162.11,4.75,27.11,12.08,1.23,,18.93,11.13,32.05,142.53
ANSS,0.62476,1.88,29.54,2.17,0.73882,29.18,0.08654,0.2841,0.060599999999999994,0.24120000000000003,0.048,6.1,24.99,13.74,4.59,2.2,328.82,6.4,38.55,5.51,,,56.64,13.69,40.0,286.27
APH,2.35,4.03,55.67,12.56,2.99,52.86,0.59262,0.20600000000000002,0.107,0.1515,-0.026000000000000002,7.03,21.11,4.43,5.82,2.33,81.91,3.09,18.67,2.52,1.25,0.84,12.61,4.37,30.49,78.67
AVGO,17.55,24.95,407.43,35.04,20.29,379.67,0.40647000000000005,0.45310000000000006,0.1384,0.39060000000000006,0.078,17.25,84.95,11.63,1.39,2.38,846.89,31.92,19.84,28.0,1.12,18.4,53.16,11.16,20.28,642.93
BR,0.5515,1.59,23.84,5.94,1.26,19.85,0.11723,0.1386,0.061399999999999996,0.09330000000000001,0.073,9.93,50.58,4.01,2.22,1.35,160.82,4.67,21.15,2.82,1.03,2.9,16.98,3.36,21.98,147.9
CDAY,0.1869,0.5556,11.74,1.39,0.14200000000000002,10.92,0.13605,0.0674,0.0068000000000000005,-0.0095,0.215,4.98,9.01,8.87,5.36,1.1,66.4,-0.24,104.77,3.16,,,14.56,8.22,42.73,66.66
CDNS,1.26,3.19,63.27,3.8,1.24,63.5,0.26906,0.2903,0.1449,0.2341,0.139,21.83,14.08,16.65,3.41,1.37,231.55,3.22,50.69,3.21,1.04,,10.7,16.81,46.3,195.23
CDW,1.17,4.69,30.94,22.38,2.02,25.25,0.13429,0.0772,0.08109999999999999,0.0481,-0.085,16.09,165.55,1.35,,1.3,180.44,7.98,15.62,1.51,1.1,2.36,11.98,1.12,19.72,183.87
CRM,7.93,22.99,217.53,32.19,6.64,218.44,0.94368,0.092,0.0198,0.0118,0.113,3.8,32.54,6.76,1.51,1.02,216.77,0.37,30.66,14.35,1.2,,58.76,6.92,30.21,179.45
CSCO,17.6,32.25,199.7,54.9,16.2,214.59,4.07,0.265,0.0956,0.2089,0.135,5.07,13.37,3.64,2.14,1.39,51.04,2.79,12.17,5.72,0.99,1.56,10.38,3.95,13.04,48.61
CTSH,2.5,7.04,32.44,19.39,3.45,33.42,0.5039100000000001,0.1515,0.1043,0.1131,-0.004,2.64,37.95,1.67,1.52,2.28,64.79,4.48,8.99,4.15,1.1,1.16,25.55,1.75,15.38,61.79
DXC,1.38,,9.33,14.17,0.526,5.83,0.20812,-0.0546,-0.0285,-0.0447,-0.07,1.67,63.42,0.65,,1.14,26.73,-2.46,10.78,7.5,,,17.15,0.44,7.11,26.76
ENPH,0.9572,0.9746,20.0,2.8,0.69199,20.5,0.13108,0.2275,0.13470000000000001,0.2048,0.341,21.07,20.52,7.15,3.19,3.44,171.31,3.33,27.02,13.24,1.45,,7.17,7.82,31.95,221.19
EPAM,0.60329,1.56,12.24,4.86,0.7201900000000001,13.87,0.05609000000000001,0.12960000000000002,0.10400000000000001,0.0888,0.034,4.43,84.61,2.52,,4.15,233.35,7.17,17.54,31.25,1.49,,54.09,2.92,46.3,295.46
FFIV,0.6179600000000001,2.16,9.04,2.81,0.56339,9.48,0.05332,0.16140000000000002,0.0558,0.1184,0.042,3.57,46.74,3.22,0.97,1.15,148.5,5.34,15.48,11.65,1.07,,44.82,3.44,12.76,144.92
FI,4.82,9.74,100.28,18.45,7.36,77.4,0.60617,0.22820000000000001,0.034,0.136,0.069,2.58,29.34,5.43,1.41,1.1,121.93,3.7,13.95,1.77,0.88,,49.08,4.36,17.06,111.57
FICO,0.44969000000000003,1.08,22.57,1.47,0.62513,20.74,0.02422,0.41380000000000006,0.2504,0.2843,0.142,,58.71,15.86,2.27,1.46,801.87,14.69,38.01,6.56,,,-28.28,14.91,36.36,676.22
FIS,3.74,5.71,54.32,14.57,4.15,36.18,0.58973,0.1326,0.0181,-1.6175,0.006999999999999999,1.34,24.47,3.73,1.0,0.74,56.85,-27.64,-4.45,3.35,0.84,2.03,34.23,2.52,10.32,62.77
FLT,1.19,2.66,24.06,3.54,1.77,18.54,0.07149,0.425,0.0653,0.2688,0.142,6.43,47.48,6.8,1.18,1.02,245.08,12.23,13.16,17.35,1.21,,39.04,5.37,14.9,211.12
FSLR,0.79991,0.12766,20.25,2.99,0.38003,21.65,0.10115,0.034,0.0077,0.052300000000000006,0.306,3.59,28.03,6.77,1.29,3.36,195.09,0.39,45.75,17.64,1.37,,56.53,7.23,26.6,180.34
FTNT,2.01,3.33,59.38,4.72,1.19,61.27,0.6642100000000001,0.23010000000000003,0.10890000000000001,0.2046,0.322,5.37,6.01,12.57,2.99,1.34,73.43,1.18,48.17,3.67,1.16,,0.01,13.19,54.05,61.32
FTV,1.29,3.36,29.83,5.97,1.56,27.57,0.3509,0.1837,0.0431,0.13390000000000002,0.043,2.77,16.88,4.99,2.12,0.96,71.7,2.24,19.73,2.03,1.2,0.28,28.32,4.68,23.04,67.24
GEN,0.757,,21.42,3.34,1.57,12.35,0.58399,0.41130000000000005,0.075,0.40409999999999996,0.32299999999999995,5.61,5.44,6.42,0.8,0.43,18.38,2.16,13.96,1.17,1.08,0.5,3.44,3.61,9.51,19.75
GLW,1.89,4.84,35.8,13.32,2.78,28.78,0.76966,0.10470000000000002,0.029900000000000003,0.0472,-0.10300000000000001,2.52,15.77,2.69,1.52,1.65,33.44,0.74,13.79,1.8,1.06,1.12,13.92,2.17,17.86,33.58
GRMN,1.08,2.81,18.9,4.92,1.16,20.34,0.15259,0.201,0.0787,0.2023,0.064,3.18,25.63,3.91,1.91,2.84,105.35,5.0,16.26,8.78,,2.92,32.01,4.24,19.88,97.82
HPE,4.35,9.51,33.08,29.6,5.1,22.49,1.29,0.08630000000000002,0.0285,0.0346,0.039,1.1,22.76,1.12,1.26,0.87,16.46,0.79,8.24,1.53,1.27,0.48,15.77,0.77,7.97,15.58
HPQ,2.92,12.34,42.5,56.21,5.2,32.49,0.86253,0.0781,0.0719,0.0475,-0.217,,56.21,0.76,8.51,0.71,31.2,2.67,8.61,1.97,1.02,1.05,-2.52,0.59,9.14,29.34
IBM,12.28,32.69,174.58,60.52,12.98,130.57,0.9098700000000001,0.141,0.041100000000000005,0.0335,-0.004,5.88,66.75,2.88,2.33,1.06,134.57,2.36,22.62,17.89,0.85,6.64,24.37,2.17,15.11,134.59
INTC,9.76,26.87,174.72,54.04,8.78,149.93,4.18,-0.0444,-0.0084,-0.0171,-0.155,1.48,13.04,3.23,9.89,1.6,32.94,-0.7,19.65,5.79,0.89,0.5,24.12,2.75,99.01,29.81
INTU,4.54,10.46,145.34,14.07,3.77,142.41,0.27209,0.2212,0.0677,0.1591,0.069,8.1,49.98,10.33,1.94,1.51,460.06,7.9,37.02,15.24,1.2,3.12,62.77,10.24,31.45,423.36
IT,1.12,3.78,29.33,5.75,1.34,27.18,0.07629000000000001,0.20620000000000002,0.1063,0.1608,0.092,57.49,72.5,5.22,,0.87,348.89,11.57,19.48,14.98,1.25,,7.41,4.92,32.47,331.06
JKHY,0.41026,0.81427,12.86,2.03,0.5423,12.51,0.07237,0.22719999999999999,0.11789999999999999,0.1724,0.063,8.13,27.78,6.35,3.34,1.52,162.45,4.78,19.74,0.36,0.65,2.08,21.11,6.19,32.36,168.34
JNPR,0.7059,2.96,9.47,5.67,0.8412000000000001,9.0,0.31708,0.11230000000000001,0.04360000000000001,0.0727,0.126,2.07,17.6,1.67,1.19,1.66,30.28,1.52,12.29,3.84,0.93,0.88,13.7,1.62,12.15,30.99
KEYS,1.41,3.45,28.25,5.59,1.66,28.73,0.17735,0.25780000000000003,0.1094,0.2111,0.028999999999999998,6.11,31.4,5.05,1.87,3.35,164.0,6.58,16.58,14.01,1.05,,26.41,5.19,17.95,165.49
KLAC,,,73.21,10.5,4.41,70.56,0.1366,0.38060000000000005,0.1872,0.32270000000000004,-0.053,24.17,75.25,6.97,2.89,2.24,466.78,24.54,17.47,23.69,1.34,5.2,21.33,6.87,21.79,400.1
LDOS,0.914,2.08,18.91,14.84,1.5,13.71,0.13631000000000001,0.079,0.056600000000000004,0.0477,0.067,3.11,108.73,1.3,,1.25,86.75,4.88,13.45,2.39,0.79,1.44,33.56,0.94,15.15,94.58
LRCX,5.18,,95.06,17.43,5.64,95.43,0.13278,0.3038,0.184,0.2588,-0.308,11.62,128.65,5.45,2.63,3.16,631.61,35.96,17.1,40.32,1.47,6.9,61.59,5.58,26.39,513.78
MCHP,3.62,,57.18,8.44,4.11,50.81,0.53393,0.3688,0.11939999999999999,0.2652,0.21100000000000002,7.8,15.33,6.78,2.95,0.98,85.22,4.02,13.94,0.43,1.6,1.53,11.94,6.16,14.53,77.97
MPWR,,1.05,25.46,1.85,0.5840700000000001,26.2,0.04531,0.2953,0.1702,0.245,-0.043,14.25,39.2,13.78,2.42,6.51,522.36,9.65,47.99,19.75,1.14,4.0,38.63,14.47,44.64,446.78
MSFT,87.58,,2450.0,211.91,102.02,2500.0,7.42,0.4177,0.14250000000000002,0.34149999999999997,0.083,12.12,28.46,11.55,2.47,1.77,335.89,9.23,23.28,14.97,0.9,2.72,27.75,11.86,30.4,278.64
MSI,1.66,4.39,53.82,9.39,2.63,48.32,0.1671,0.23500000000000001,0.1149,0.1463,0.147,206.51,56.12,5.73,2.21,1.22,287.15,8.01,23.14,6.09,0.92,3.52,1.39,5.27,25.51,271.21
MU,5.09,13.9,81.0,18.17,5.12,77.5,1.09,-0.1421,-0.024700000000000003,-0.1602,-0.5660000000000001,1.71,16.62,4.46,,4.26,66.57,-2.66,15.12,9.45,1.35,0.46,41.47,4.27,208.33,60.14
NOW,2.91,5.67,117.9,8.02,0.996,120.44,0.20378000000000002,0.0632,0.024300000000000002,0.1776,0.227,17.39,39.49,14.71,2.34,1.14,557.27,1.97,101.38,23.24,1.02,,33.91,15.04,62.11,458.63
NTAP,1.11,4.21,16.37,6.36,1.36,16.75,0.21141000000000001,0.1822,0.073,0.2002,-0.059000000000000004,14.46,29.32,2.57,1.06,1.35,74.41,5.79,11.85,14.48,1.21,2.0,5.47,2.73,13.97,67.51
NVDA,6.82,15.36,1150.0,25.88,6.09,1150.0,2.37,0.17370000000000002,0.06269999999999999,0.1852,-0.132,46.85,10.44,44.26,2.64,3.43,418.53,1.91,177.9,6.2,1.75,0.16,9.91,44.84,62.5,259.97
NXPI,3.61,7.51,64.92,13.18,4.92,57.61,0.25727999999999995,0.2847,0.1012,0.2104,-0.004,7.05,50.65,4.93,1.97,1.82,199.62,10.51,12.96,14.98,1.56,4.06,31.66,4.45,16.21,177.14
ON,2.53,4.08,47.54,8.35,3.31,46.68,0.42989,0.3283,0.14550000000000002,0.2341,0.005,6.68,19.32,5.69,2.08,2.39,93.4,4.07,15.55,6.11,1.75,,16.18,5.8,22.99,78.3
ORCL,17.16,36.39,400.33,49.95,18.99,320.04,1.56,0.2736,0.0701,0.1702,0.16899999999999998,298.26,18.53,8.01,2.31,0.91,114.34,3.07,21.36,3.75,0.99,1.6,0.4,6.53,21.14,93.14
PANW,2.89,3.78,77.42,6.49,0.3722,77.43,0.30158,0.023,0.0074,0.0332,0.24100000000000002,62.83,21.56,11.93,1.6,0.74,236.36,0.66,134.95,12.94,1.2,,4.03,12.8,51.81,187.24
PAYC,0.44814,1.21,20.98,1.56,0.48298,21.46,0.046939999999999996,0.2747,0.0605,0.2028,0.266,16.08,26.91,14.24,2.17,1.24,322.52,5.38,39.72,9.66,1.44,1.5,25.33,14.63,49.51,309.52
PTC,0.5995900000000001,1.55,18.99,2.06,0.5709500000000001,17.34,0.11103,0.2416,0.0575,0.149,0.17300000000000001,6.67,17.44,9.23,2.19,,140.52,2.67,30.55,2.38,1.19,,21.93,8.47,28.09,129.03
QCOM,8.65,25.57,156.45,38.58,11.88,147.14,1.11,0.26030000000000003,0.1308,0.2233,-0.227,7.47,34.52,3.81,1.15,2.42,118.89,9.38,10.91,7.73,,3.2,18.54,3.63,13.48,119.27
QRVO,0.84323,1.3,12.05,3.19,0.45093,10.81,0.09791,0.0355,0.0101,-0.0029,-0.371,2.77,31.75,3.38,1.81,3.27,101.99,0.99,22.66,7.56,,,38.7,3.18,23.26,97.54
SEDG,0.03607,0.84465,13.09,3.66,0.5425599999999999,13.49,0.05608,0.13390000000000002,0.0724,0.08289999999999999,0.36200000000000004,5.74,66.18,3.85,0.83,3.84,268.47,3.36,39.62,18.58,1.33,,44.56,4.14,24.57,285.56
SNPS,1.65,4.08,68.0,5.29,1.2,69.01,0.15109999999999998,0.1966,0.0684,0.1741,0.09,11.83,34.66,12.86,2.58,1.15,440.36,5.98,54.23,11.14,1.13,,38.3,13.34,38.91,369.84
STX,0.9420000000000001,,18.19,7.38,0.64,13.52,0.19252000000000002,0.0172,0.0096,-0.0716,-0.39,,35.67,2.46,0.51,1.12,61.55,-0.83,55.11,3.8,1.12,2.8,-5.79,1.83,54.95,59.7
SWKS,1.64,2.6,19.29,5.12,1.87,18.13,0.15855000000000002,0.2736,0.1009,0.21710000000000002,-0.13699999999999998,3.16,32.02,3.77,1.15,2.91,108.46,6.93,9.53,6.67,1.27,2.48,36.02,3.57,11.56,103.73
TDY,0.9001,2.33,21.31,5.59,1.35,18.32,0.04641,0.18420000000000003,0.045599999999999995,0.1375,0.051,2.14,119.19,3.81,,1.62,401.83,15.84,15.73,7.74,1.05,,182.26,3.33,20.45,410.87
TEL,2.94,5.24,48.16,16.36,3.49,45.09,0.31327,0.16570000000000001,0.0787,0.12630000000000002,-0.024,3.97,51.6,2.94,1.73,1.8,134.92,6.61,15.3,3.6,1.33,2.36,36.12,2.79,18.98,126.33
TER,0.61711,1.87,16.65,2.86,0.77244,17.24,0.15418,0.23120000000000002,0.1201,0.1955,-0.18600000000000003,7.08,18.38,5.82,2.18,3.17,108.2,3.8,21.48,4.58,1.51,0.44,15.73,6.45,37.74,98.62
TRMB,0.44689999999999996,2.19,14.41,3.6,0.7266,13.26,0.24634,0.1542,0.045700000000000005,0.1301,-0.079,3.12,14.53,4.01,2.09,1.51,51.4,1.91,17.2,4.19,1.57,,17.16,3.71,20.92,52.6
TXN,7.37,13.77,163.62,18.82,9.65,161.95,0.9064,0.4568,0.1931,0.40840000000000004,-0.131,10.16,20.72,8.69,3.2,5.72,176.26,8.91,16.12,10.52,1.0,4.96,17.56,8.7,24.94,173.01
TYL,0.30676,0.78386,17.55,1.9,0.31692000000000004,16.76,0.041710000000000004,0.11130000000000001,0.0281,0.0864,0.076,6.05,45.51,9.23,3.71,1.0,401.13,3.71,45.59,3.28,0.82,,65.81,8.91,52.08,352.3
VRSN,0.8834,1.22,22.66,1.46,1.02,21.8,0.1022,0.6648000000000001,0.3533,0.4878,0.057,,13.88,15.49,2.4,0.87,219.6,6.48,21.52,9.07,0.97,,-15.65,15.24,29.59,208.25
WDC,-0.40800000000000003,,19.64,12.32,-0.264,13.72,0.31951999999999997,-0.0886,-0.0269,-0.1385,-0.41000000000000003,,38.74,1.59,,1.45,39.18,-2.16,-42.97,6.3,1.67,,33.79,1.11,,37.17
ZBRA,0.224,2.62,15.31,5.5,1.11,13.1,0.05095,0.16760000000000003,0.07769999999999999,0.1182,-0.17300000000000001,4.53,106.62,2.66,2.15,0.99,285.91,7.84,13.3,2.1,1.68,,58.29,2.31,16.05,282.95
